,pageName,ImageSource,StatusCode
0,home_Page,https://imgservice.rentbyowner.com/webp/640x417/AzRT8xsWDLcIb870djrKFRX11IQf69xPiyIzIO/JKLa4SGWLX6PNDZdsWfg0NAn8JTID+T9M7YveW6mA3eEtb1yVy2T7uTQubauJIle8+ySaYGtBlvR8N4/5bxIS1kf/o37y+KA3Z0wj0H0vnFiQuuGOqvUQ9NzKAluA0my66vSF,200
1,home_Page,https://imgservice.rentbyowner.com/webp/640x417/AzRT8xsWDLcQL9frPSuXFfBPP68gnzkfmgGPsxCmnowuVp/VK83QtIkP7Bd+6IIMwiROrR/Xk2fjrfsA6G3uzO7ppSCDfU+Wbe2ckzBI0HQOvvOq62BAL8DsS7nQu5D1XbVx79IorkwKq9PcyjO4CQ2w4EaRg4ymNKI313OyYAxelneEBfQ=,200
2,home_Page,https://imgservice.rentbyowner.com/webp/640x417/AzRT8xsWDLcQL9frPSuXFfBPP68gnzkfmgGPsxCmnowuVp/VK83QtIkP7Bd+6IIMwiROqxnckGXur/MF6G3uzDrt2X2Xo2LDn3N1JOwK6lKK84firo//IsSQdH+52QOoFY8euqP0dVDqglAJL6rVF/p9avRt3PeT5m0KROmraziWWYfLt8s=,200
3,home_Page,https://imgservice.rentbyowner.com/webp/640x417/AzRT8xsWDLcQL9frPSuXFfBPP68gnzkfmgGPsxCmnowuVp/VK83QtIkP7Bd+6IIMwiROrRrYkGPjrfwH6G3uzIUeeEiDxG3dafIwEmgwQ3c2KUIp+YesAqrgS4Wm5rNGNsRAzk1g9xeS/kdIGF2QbHGTrJA7n640SQMsaavQ4saYmL8vw28=,200
4,refine_page,https://imgservice.rentbyowner.com/webp/640x417/AzRT8xsWDLcIb870djrKFRX11IQf69xPiyIzIO/JKLa4SGWLX6PNDJdsWfg0NAn8gz8sIcY0iRVDEyBIHvDHcq3BSPbXVoGNpK80+Ij6fCflwBthC+iu8uzCetzAaVFLkr//2HdHYZ+dI4ilglRxIwC9t/mt65yWRubyHuet/CYh,200
5,refine_page,https://imgservice.rentbyowner.com/webp/640x417/AzRT8xsWDLcQL9frPSuXFfBPP68gnzkfmgGPsxCmnowuVp/VK83QtIkP7Bd+6IIMwiROrRHck2bnrv0B6G3uzPyhslDxhsVMG0b3+79N+0X0yQcuc/1yxVYEHn/LNIeEYcos9jeBGHcea/p+bpmvLcDMLzewLhw/MC+Ck79WiwPGkwTbtnU=,200
6,refine_page,https://imgservice.rentbyowner.com/webp/640x417/AzRT8xsWDLcIb870djrKFRX11IQf69xPiyIzIO/JKLa4SGWLX6PJAJdsWfg0NAn4bQp77Y31R7RCK6YCYduvAysbkwL+FuyZlgGKv4A1e3ulIunGMN7nesjqDc53hbiQBuuoW4vGJNwCPO2FckuvQnwVOunAK6rDncCiunrLl5ir,200
7,refine_page,https://imgservice.rentbyowner.com/webp/640x417/AzRT8xsWDLcCZsGhPSGLDOcqRqUg/JF6xAjjjIvAor0CQ14ksUwpqs4wp1R8tYy9o3h/gQqFBjbWrdKJF18AI27xxbD/6MUTLQ==,200
8,refine_page,https://imgservice.rentbyowner.com/webp/640x417/AzRT8xsWDLcIb870djrKFRX11IQf69xPiyIzIO/JKLa4SGWLX6PNCZdsWfg0NAn9F+6fI60+/5PKmia6Gmjbn8QlfG+knkiA9e02snoYea84HYV1SannREvxdp/6HWYQ0Lq55ceMVsAaH4974iO6SjcCnHaYPa10N3zQLIjNgA6l,200
9,refine_page,https://imgservice.rentbyowner.com/webp/640x417/AzRT8xsWDLcQL9frPSuXFfBPP68gnzkfmgGPsxCmnowuVp/VK83QtIkP7Bd+6IIMwiROrhHZkWDnrfkE6G3uzCTAnaYXcTxzRf+vwHtsl9ufNkDzyGufoQY08ug01Z9hdDQX1R2RvsW5HaSrLtgN5lQaSJjALuMUBLSvD+WRGwYzu23ZVOA=,200
10,refine_page,https://imgservice.rentbyowner.com/webp/640x417/AzRT8xsWDLcIb870djrKFRX11IQf69xPiyIzIO/JKLa4SGWLX6PNAZdsWfg0NAn8VuIcfetzlqi1uU7vZx5Ijew3rNWUquO1LL2pb582AKnrqkQJ2nhFcHKz5ft/DT30K3hfc2Ij7g0vtbNlpoTrYKyeEUa99SM15vzRIwCYiH8L,200
11,refine_page,https://imgservice.rentbyowner.com/webp/640x417/AzRT8xsWDLcCZsGhPSGLDOcqRqUg/JF6xAjjjIvAor0CQ15w5EgpoMw2pwF059u8DVYBwaG3gsSpD+C6PcsU3reswWwWcSPMkg==,200
12,refine_page,https://imgservice.rentbyowner.com/webp/640x417/AzRT8xsWDLcIb870djrKFRX11IQf69xPiyIzIO/JKLa4SGWLX6PNDZdsWfg0NAn8JTIB+T9M7YveW6mG3e0tb1yRIk/Kh8w8pUtu5W2v3DJ2UcXWt9kkI0sdp30UYDbqTFq6FO1ryoFsgxszrHzhZlOgMTzFBDnaVcDFgsEVbNM2,200
13,refine_page,https://imgservice.rentbyowner.com/webp/640x417/AzRT8xsWDLcQL9frPSuXFfBPP68gnzkfmgGPsxCmnowuVp/VK83QtIkP7Bd+6IIMwiROrhHcn2XvrPkfrHf5lBYTctBYP76sRFPz5XzyMQnTePp6f7IvMS/NleoBPnu/7PX5y7vhAMyraIz7TRR+3kY5aViQH2ABVGoywHdtPWoAqgrHHw==,200
14,refine_page,https://imgservice.rentbyowner.com/webp/640x417/AzRT8xsWDLcIb870djrKFRX11IQf69xPiyIzIO/JKLa4SGWLX6PMCZdsWfg0Kxf+06/i13Gpk2LMlnYto2kJ6+BP3s4G6h1dCdUii0SkSk7vrJD1iVganj5BpA1dL7YXWcItIY5WLSQjH6wNUEOUDAgpY3PVDLG/NJdbNms=,200
15,refine_page,https://imgservice.rentbyowner.com/webp/640x417/AzRT8xsWDLcIb870djrKFRX11IQf69xPiyIzIO/JKLa4SGWLX6PMDpdsWfg0NAn9cYWuw9jl2YUo2nqE3Xa+L16kTq8SF1afA7+XA1ZM87OYoojf/OFJm+E5Ct00o0ShI8ihLo4thCN0TFOwG9bbEP6gmVUkgKm1iMzc0Uc3BeFj,200
16,refine_page,https://imgservice.rentbyowner.com/webp/640x417/AzRT8xsWDLcQL9frPSuXFfBPP68gnzkfmgGPsxCmnowuVp/VK83QtIkP7Bd+6IIMwiROqRzflmbkr/IfrHf5lASk3w6ylvK7dr4YEYlV7qT/fjslwTTKSOctck3YUwF+2SwqXW7onfvdCJ5kM+OTYCnw90X/AcSRFRN29FrOjiJjhn1yPg==,200
17,refine_page,https://imgservice.rentbyowner.com/webp/640x417/AzRT8xsWDLcIb870djrKFRX11IQf69xPiyIzIO/JKLa4SGWLX6PKDJdsWfg0NAn7J4m2CfQUxuko0LNT5otPLrN7/N+JmEOxm7L3OS1bKtpoG+eVk1vHnXFv0SY6exd9C4YNOahxmGokPB2Q/3dZNZs8dw5w9nyQ+9p2EmnRMhbl,200
18,refine_page,https://imgservice.rentbyowner.com/webp/640x417/AzRT8xsWDLcIb870djrKFRX11IQf69xPiyIzIO/JKLa4SGWLX6PMAZdsWfg0NAn92QaPnEGIa5X+EW16nt0JOHzK9Ti9VUGs2kc5Cqi68De8LspgE67MQ3ic3gJmV6CszhmtaJO4pasTVNamj0N6acILwgLmwWOKljeKaJclhKBi,200
19,refine_page,https://imgservice.rentbyowner.com/webp/640x417/AzRT8xsWDLcQL9frPSuXFfBPP68gnzkfmgGPsxCmnowuVp/VK83QtIkP7Bd+6IIMwiROrRvWn2fir/oE6G3uzAjU4VOdAD7HfvQYgtTFEQbW/J2k+INxiKWrdXyH/7oQZOJd4qja8Uawu2BUY6RjYymxcda5y0Qm66iheVHWbdLXr8L9QPE=,200
20,refine_page,https://imgservice.rentbyowner.com/webp/640x417/AzRT8xsWDLcIb870djrKFRX11IQf69xPiyIzIO/JKLa4SGWLX6PGCZdsWfg0KxH8w736nPoNtDvI+pjeM6lvU1CDLbzvcDWWDEJ2BotFe6VxI+BMOBtOLa+gG04A2fi5Lv+nbrZWJl+N/8npNZIu9HObyRipbmpl1eZFi2o=,200
21,refine_page,https://imgservice.rentbyowner.com/webp/640x417/AzRT8xsWDLcIb870djrKFRX11IQf69xPiyIzIO/JKLa4SGWLX6PMCZdsWfg0NAn+ydJXUbAb8pZWmaD4GlHLjlCq9G3lNqN6WNANwuD5ta2VLQQoOScTIrR0ycF/cO/ZMMh83wl3e0w6D10ZkVvN7xf9TpbOWUH7cXPqjQJd22P/,200
22,refine_page,https://imgservice.rentbyowner.com/webp/640x417/AzRT8xsWDLcQL9frPSuXFfBPP68gnzkfmgGPsxCmnowuVp/VK83QtIkP7Bd+6IIMwiROqx/ZlGDvr/sfrHf5lB3oTqSgmAUrrcOuorxtnJi22bSg9NZO2yWq9P+Qzi2or4qvzM2VZdp5j0HSHqEN1KHJ/zT2J7vBZp24DuQ4YPtFCH97CQ==,200
23,refine_page,https://imgservice.rentbyowner.com/webp/640x417/AzRT8xsWDLcQL9frPSuXFfBPP68gnzkfmgGPsxCmnowuVp/VK83QtIkP7Bd+6IIMwiROrhHclGXlpPMH6G3uzESmScPUA7N1NhctI2vAVs0MWh5SjyN+dCs+YUzQQPfcjplltk7O31gFem6efk6OhLDAbfqcpjwUSzVG9BDWm1js51ZNE68=,200
24,refine_page,https://imgservice.rentbyowner.com/webp/640x417/AzRT8xsWDLcQL9frPSuXFfBPP68gnzkfmgGPsxCmnowuVp/VK83QtIkP7Bd+6IIMwiROrh7bkWDkpf8A6G3uzOcPcBZ3BJJHerBAw2BgoW4r0PdAgNVfgQia3jjFTyTqv2VfWkE4C8Evg5sCOROPoMMbJGNv8LSl315h1cHz/7+3r7mFOp0=,200
25,refine_page,https://imgservice.rentbyowner.com/webp/640x417/AzRT8xsWDLcQL9frPSuXFfBPP68gnzkfmgGPsxCmnowuVp/VK83QtIkP7Bd+6IIMwiROqBndkm7hqv8frHf5lG9Pc3Hy/1GlFk6EEDr8Cm4K32iOKao0qrpwzU+CwgiJIGZzVdhfXEnJ+fdrqCpguDG4FvQo+SqeeDm8/2R40BJIsdTDKw==,200
26,refine_page,https://imgservice.rentbyowner.com/webp/640x417/AzRT8xsWDLcQL9frPSuXFfBPP68gnzkfmgGPsxCmnowuVp/VK83QtIkP7Bd+6IIMwiROrB3dnmDuq/sB6G3uzGcZr7sibEwYjiCL0xyRKdfaeYfOwvjF0+5sT4wZLJhjOm4rzVHR8jmsDukXaxrpdVt2s8iSlrZnmlDJLz+BaVuP5UAMWUM=,200
27,refine_page,https://imgservice.rentbyowner.com/webp/640x417/AzRT8xsWDLcQL9frPSuXFfBPP68gnzkfmgGPsxCmnowuVp/VK83QtIkP7Bd+6IIMwiROrRvZlGDmr/MJ6G3uzNN78j8W9ZjA7q1JfSZazJEbiOshGBvT64oUS0gsG+eDuiwUML7y+bml8KWG2VawIJZ0J7tBFWAWwi2siR1KrxpFI0ip7q8=,200
28,refine_page,https://imgservice.rentbyowner.com/webp/640x417/AzRT8xsWDLcMZ8v6cmeND4+HhJp/rdHa9yHTIC+tU9VXLIGEo/pNAU6OvYCEumGyRRLLrveuqxPoVawVfQqjTMQSBW+hn3xY8JIrbKgBerbqwplLfLOaW+Uo,200
29,refine_page,https://imgservice.rentbyowner.com/webp/640x417/AzRT8xsWDLcQL9frPSuXFfBPP68gnzkfmgGPsxCmnowuVp/VK83QtIkP7Bd+6IIMwiROrR3ek2/ipf8J6G3uzAKwKK97RFXtkp4XBZVcekcSzlhCAiEAogeZzhVrYsQhl09DRY9AnCHi0f00dNVJKVtapjdXyhy+J8FXWH/3nM84z2Xei00=,200
30,refine_page,https://imgservice.rentbyowner.com/webp/640x417/AzRT8xsWDLcIb870djrKFRX11IQf69xPiyIzIO/JKLa4SGWLX6PPDZdsWfg0NAn+7rlCpeSfo6a7jLxC15hQm0lL0QWcqnMG5R/RcYbYle76+El9KYMe6az69AEASP0YrT5pYwBsij8Rxb9Sqye40UJ4Gct+if2M9g9Tq7+bHM/x,200
31,refine_page,https://imgservice.rentbyowner.com/webp/640x417/AzRT8xsWDLcCZsGhPSGLDOcqRqUg/JF6xAjjjIvAor0CQ153sEwp+5ZqpwV+sIi69JcoIdFCeQb8AS8Ud+IVKtLny2MRVtwN/A==,200
32,refine_page,https://imgservice.rentbyowner.com/webp/640x417/AzRT8xsWDLcIb870djrKFRX11IQf69xPiyIzIO/JKLa4SGWLX6PNCJdsWfg0NAn8ZN8HudUdItej3Yalfyulsy9spg2GTp9zZ9+bZBHX3ppZ1C/tugcja9QkFNejYrMA+yiXymRjAZt5IqpmZGcz4+Kecr1pBZmfgx/DurEPM9Wa,200
33,refine_page,https://imgservice.rentbyowner.com/webp/640x417/AzRT8xsWDLcQL9frPSuXFfBPP68gnzkfmgGPsxCmnowuVp/VK83QtIkP7Bd+6IIMwiROrRDfk2/kpf0B6G3uzNAlsPFYHi/oNkauv2bx/NRv1E+Nc5S0oR9MuhkCD4iKk496lT6ht2Kih9hxmhC0vaTaMZhWtec/lh0vr7T8EGR53o/X2C0=,200
34,refine_page,https://imgservice.rentbyowner.com/webp/640x417/AzRT8xsWDLcIb870djrKFRX11IQf69xPiyIzIO/JKLa4SGWLX6PMCZdsWfg0Kxf+0q/i13Gpk2LPk3kto2kJ69Hb/Zuf7DCVTzJdyg95YMhjaj9S/3SP9YVlPCUvGw0QrMUik7kW8eVidtaPP6zAf7f1W7TDWYnCoKB2Sos=,200
35,refine_page,https://imgservice.rentbyowner.com/webp/640x417/AzRT8xsWDLcCZsGhPSGLDOcqRqUg/JF6xAjjjIvAor0CQ14jsR4pq54zp1Z8sty8HPDESyIfnsgefsj9RYInoadTadovhRJ1ew==,200
36,refine_page,https://imgservice.rentbyowner.com/webp/640x417/AzRT8xsWDLcIb870djrKFRX11IQf69xPiyIzIO/JKLa4SGWLX6PMC5dsWfg0NAn94gltgV2oxtO4zj9tBq5FBgOg01vSWlhB+3FTygymnPgW++fwdsME021gCEbqbK3bzxZxCqWD3qykV9cYgc90d7YBAldsYY46LKyMmFtLRFiX,200
37,refine_page,https://imgservice.rentbyowner.com/webp/640x417/AzRT8xsWDLcQL9frPSuXFfBPP68gnzkfmgGPsxCmnowuVp/VK83QtIkP7Bd+6IIMwiROrBrfkGThrP4C6G3uzAGnSkw0R/gz8aC+QwF9WS49rv19FM42mdXZ/GW3PUaqTmsm1wPwhDcCRClWRPJYe5nZRwAUgbhIK58kYkOT9D/+5srfBYM=,200
38,refine_page,https://imgservice.rentbyowner.com/webp/640x417/AzRT8xsWDLcIb870djrKFRX11IQf69xPiyIzIO/JKLa4SGWLX6PJCZdsWfg0KxD6ds7uJJVAf+KVrscvvNwaamI9qTR27Vm7uhHCgCQIMjqDB6HAp5sd4NDvwV55MZMwYLhQxtw8E8Ek4J1uctslwN7dBQseNODAjOReWyE=,200
39,refine_page,https://imgservice.rentbyowner.com/webp/640x417/AzRT8xsWDLcIb870djrKFRX11IQf69xPiyIzIO/JKLa4SGWLX6PNDZdsWfg0NAn8JT4F+T9M7YveW6SM0u4tbw9itZTFpvkC6cTsA8dguCE5806+KvK9ig5gk+NWVoXyd5IqiO/8a3xGJmNnxygrE+8DgyEUntqvvH2l5N+URi9e,200
40,refine_page,https://imgservice.rentbyowner.com/webp/640x417/AzRT8xsWDLcQL9frPSuXFfBPP68gnzkfmgGPsxCmnowuVp/VK83QtIkP7Bd+6IIMwiROrR3Zl2/vqfsG6G3uzEse6SS42ksxLjdYAVYZ643oFSBYcFmpQ5m00vw8cd6g5Uiwb6rzKl6VC4Zd49MnrHzrmEPnGtkpXxrNIl/ySymm03+/Z7M=,200
41,refine_page,https://imgservice.rentbyowner.com/webp/640x417/AzRT8xsWDLcIb870djrKFRX11IQf69xPiyIzIO/JKLa4SGWLX6PMCZdsWfg0Kxf6h/mtImYriP54qxvSjRkzl/yT7FdABijS53AAfeJKXK1HhIIJVj4Ko5eoeY2LsWMLqQ6nWx9faDWpzLWnK2+bq/ac+WNAx6d3tFIoBic=,200
42,refine_page,https://imgservice.rentbyowner.com/webp/640x417/AzRT8xsWDLcIb870djrKFRX11IQf69xPiyIzIO/JKLa4SGWLX6PNDZdsWfg0NAn8JTwE+T9M7YveW6eF0egtb/gV/XM4g+g0BcE1djKkyBivG360JK0RmOeNSHh3UJ3jRtvQUkumhsr8ZiKhbySRVCqenE0rmCjWL9vMG8lp/KTP,200
43,refine_page,https://imgservice.rentbyowner.com/webp/640x417/AzRT8xsWDLcQL9frPSuXFfBPP68gnzkfmgGPsxCmnowuVp/VK83QtIkP7Bd+6IIMwiROrRDWkmHlqvsD6G3uzIosTisTCVQaZvSehkNzxPCCzmC6ACzqV87B3aS9LELCsdOqxpuwbEXTZ65ay1i5+0NuQbY/M3YhVEwjRdIL9IxJDzUriQk=,200
44,refine_page,https://imgservice.rentbyowner.com/webp/640x417/AzRT8xsWDLcIb870djrKFRX11IQf69xPiyIzIO/JKLa4SGWLX6PMCZdsWfg0Kxf+3K/i13Gpk2LNkHsto2kJ6/ikqKXQUaCEqOQ1KJrAXERC2GL1/UfiH9lT18QwG8i846Wr7b9Fh2VOfPqKZFWd4EuxFROujRyzR7pcsKU=,200
45,refine_page,https://imgservice.rentbyowner.com/webp/640x417/AzRT8xsWDLcIb870djrKFRX11IQf69xPiyIzIO/JKLa4SGWLX6PMD5dsWfg0NAn99qBtEMzLXo0ZLCQ0ScVC9bHHSFhMqWlV/RMN78GC+lgG8UubTwzIAh7OD2v8jVvlE2MqlvX+jlsQ2l/xlv+jXIKHwfARgDpTH5trYZ1N7b3S,200
46,refine_page,https://imgservice.rentbyowner.com/webp/640x417/AzRT8xsWDLcQL9frPSuXFfBPP68gnzkfmgGPsxCmnowuVp/VK83QtIkP7Bd+6IIMwiROrRjbl2bvpPkD6G3uzLZBhGhyt93JOeKyAdX3JRZP5r81ulERo/qJvvbZ6AvSacJ9nwKe202RxWXIpDzaQuzqXUN50km4A1s8vMiwfYV+t9ZNC6A=,200
47,refine_page,https://imgservice.rentbyowner.com/webp/640x417/AzRT8xsWDLcQL9frPSuXFfBPP68gnzkfmgGPsxCmnowuVp/VK83QtIkP7Bd+6IIMwiROrRzYkWfkqfgB6G3uzBsJVIWWL0fHN96JM0n/Q4r6riuTEbj23y+8lnasEyDfANzQfTDokEWEeUxzEGDqcXYLyl50JXoPD8wM0KDT151ZbNvypaY=,200
48,refine_page,https://imgservice.rentbyowner.com/webp/640x417/AzRT8xsWDLcQL9frPSuXFfBPP68gnzkfmgGPsxCmnowuVp/VK83QtIkP7Bd+6IIMwiROrR3WnmLuqv4C6G3uzOE3o1dElHTNS1FY/kaiaEJkaCYeBmY9YuGYOSMbL67mICywxTu67RJoFrG51Ysgpj2mhq322cp1UsJNPl36QBLAXWggqfU=,200
49,refine_page,https://imgservice.rentbyowner.com/webp/640x417/AzRT8xsWDLcQL9frPSuXFfBPP68gnzkfmgGPsxCmnowuVp/VK83QtIkP7Bd+6IIMwiROrR3bkGXgrfkF6G3uzLsp9s4rbgCtstBI4sir+AomGavqp9d4G5n/n2VdZS8YkcVDNTHqnOiFGeg3T+YitUu1ILHJ+0fmPTTtChOS2DYkqs0RUkc=,200
50,refine_page,https://imgservice.rentbyowner.com/webp/640x417/AzRT8xsWDLcQL9frPSuXFfBPP68gnzkfmgGPsxCmnowuVp/VK83QtIkP7Bd+6IIMwiROrhHdkWDjpPIC6G3uzFG8Qb7ajIkcrkS2/hK/UGzgcJDO2ACcHHJexnr/eULox23eynjgDSbgTym7dT6BPv7opEoi4CSqxql9flbtM/yBvsKAuU8=,200
51,refine_page,https://imgservice.rentbyowner.com/webp/640x417/AzRT8xsWDLcQL9frPSuXFfBPP68gnzkfmgGPsxCmnowuVp/VK83QtIkP7Bd+6IIMwiROrR3ck2fmr/4I6G3uzCH6Q1gA4XTyPE2bnnKi47JGUZ2qS0cny3aEuTvlOVYbhRACB3V8KXwN5oiRIu2wYbVI8TgTbdBvSZBxUe+fj2LxIzZkCv8=,200
52,refine_page,https://imgservice.rentbyowner.com/webp/640x417/AzRT8xsWDLcIb870djrKFRX11IQf69xPiyIzIO/JKLa4SGWLX6PNDZdsWfg0NAn8JToB+T9M7YveW6GG0+4tb6PtX5gNu+R5LKVS8yegC8ofCDMS0JSRQW/Zc0iRMgs3GvWVYsnIKAIZlhisOd5q191vAKPJwFT4lz3cdTyRqk8W,200
53,refine_page,https://imgservice.rentbyowner.com/webp/640x417/AzRT8xsWDLcQL9frPSuXFfBPP68gnzkfmgGPsxCmnowuVp/VK83QtIkP7Bd+6IIMwiROrhDalG/mrfkF6G3uzCBpDehI3m4HsaHqiTGRu4ddm8uE1m60zbpV8eWBVOHnfG/Jxzuzi/PxQyAZGEL4GYbLJ7XGwRN9F3Sx1sF74Np/suTewwU=,200
54,refine_page,https://imgservice.rentbyowner.com/webp/640x417/AzRT8xsWDLcCZsGhPSGLDOcqRqUg/JF6xAjjjIvAor0CQ15zsxwprZpjp1R5t9u7w3khExpXl1V/fk0nRrTIcxUNCRA76rk81w==,200
55,refine_page,https://imgservice.rentbyowner.com/webp/640x417/AzRT8xsWDLcIb870djrKFRX11IQf69xPiyIzIO/JKLa4SGWLX6PNDZdsWfg0NAn8JT4E+T9M7YveW6WF0OEtb/gdYlVUQvLgUxevp8n6riptorOCzZ7h32Q2raxbuShgR3lrpbZvERRlXAbVdkHobnY2QOefcyjRUygQhnUoLxbe,200
56,refine_page,https://imgservice.rentbyowner.com/webp/640x417/AzRT8xsWDLcIb870djrKFRX11IQf69xPiyIzIO/JKLa4SGWLX6PMDpdsWfg0NAn9cYmtw9jl2YUo2naF13i+LyqsAF4T9N/UOMeLSe/YTOM70h3QzEkGm15mMNE0EmdpcKTUkLDRk+l3PRL/z4U8R+Bz/oz93YJrjXSmmIzDlvn4,200
57,refine_page,https://imgservice.rentbyowner.com/webp/640x417/AzRT8xsWDLcQL9frPSuXFfBPP68gnzkfmgGPsxCmnowuVp/VK83QtIkP7Bd+6IIMwiROrhvZnm/urP8D6G3uzEZG0yJxLTeGrW2g8+rMa61AOB1Uht/TYYj5Y2wvIMQU1swpBqBr+GK0GIA1lsfx4uOaiQo5p8Vs5YzB2fn4WYUT+2UvOH4=,200
58,refine_page,https://imgservice.rentbyowner.com/webp/640x417/AzRT8xsWDLcCZsGhPSGLDOcqRqUg/JF6xAjjjIvAor0CQ151uhsp+Z5ipwQu6t/sNPmqU0/PnaMWIP+sZpUZ//Ve4HWKgazeAQ==,200
59,refine_page,https://imgservice.rentbyowner.com/webp/640x417/AzRT8xsWDLcIb870djrKFRX11IQf69xPiyIzIO/JKLa4SGWLX6PNCJdsWfg0NAn8ZNgAudUdItej3YCqcS2ls2UsGguxE8jHb+ieJ04wM0B+YYtK2gUZPESHOF97PzjIG1j4nq05mJHNOSbgkmq/QzVm6CIl4KKTiBjAPj2K76Gw,200
60,refine_page,https://imgservice.rentbyowner.com/webp/640x417/AzRT8xsWDLcIb870djrKFRX11IQf69xPiyIzIO/JKLa4SGWLX6PNDZdsWfg0NAn8JTIA+T9M7YveW6mB3ektb5fEfPZeS5tbT/QJnp/F/jvcesl9bnXrP9RcWtMu4ie9NIrigctTEdmjTQr3ew9ChtlSasiupOuDzjh4rbzwq59V,200
61,refine_page,https://imgservice.rentbyowner.com/webp/640x417/AzRT8xsWDLcQL9frPSuXFfBPP68gnzkfmgGPsxCmnowuVp/VK83QtIkP7Bd+6IIMwiROrh7dnmDkrvsD6G3uzGqhMahfoQqBzfdiDLSLKy/Rcgrm9RbD/zy8a3RZ6a48vePXH6K23tGw/+ADqwo5pzl0212MXukWGfDHXP5gswuU/kCFIW0=,200
62,refine_page,https://imgservice.rentbyowner.com/webp/640x417/AzRT8xsWDLcIb870djrKFRX11IQf69xPiyIzIO/JKLa4SGWLX6PMDJdsWfg0NAn9CASiZWYZdS4GjFUx6kMyHK72IPzgJhjEHfkEcrDeunpU5ZvVcxNXU/YxS4LG5upGXqogf6L4pUFY9W2hNGLe0tCI0I56aK4lJrdVKVuRYTaU,200
63,refine_page,https://imgservice.rentbyowner.com/webp/640x417/AzRT8xsWDLcIb870djrKFRX11IQf69xPiyIzIO/JKLa4SGWLX6PMC5dsWfg0NAn94gltgV2oxtO4zj9tBqtFBvuQc5TZyiZYeEdrFIHFwW8FKpDIZ4hoKctkbDQG8Lc2P087Jl7zaTj8zu6KJ1LtjsvFisdj3bnWN8D8iWTBXiTs,200
64,refine_page,https://imgservice.rentbyowner.com/webp/640x417/AzRT8xsWDLcQL9frPSuXFfBPP68gnzkfmgGPsxCmnowuVp/VK83QtIkP7Bd+6IIMwiROrRnYlWTvqvkfrHf5lOfjpKj0crCXvGWxrr/WSsZ3QdOxeSVVJwi7+pDQgSyKvSkqKW1Q6U9d9k1uyvBO1ws62QA/bGOfhduZ1zTl71sU2Ys5Rg==,200
65,refine_page,https://imgservice.rentbyowner.com/webp/640x417/AzRT8xsWDLcIb870djrKFRX11IQf69xPiyIzIO/JKLa4SGWLX6PNCpdsWfg0NAn8i8lJf0oZ3O6LfZ3R3YemxO/7FVFpRyFTXi2N79hjy93VSDVGdurklBRBH7/DbBUhoSCBgBuVd7h1EyRuygdQ6e0LERUn24X/oeNQBzB2KlPq,200
66,refine_page,https://imgservice.rentbyowner.com/webp/640x417/AzRT8xsWDLcIb870djrKFRX11IQf69xPiyIzIO/JKLa4SGWLX6PNDJdsWfg0NAn8gzkmIcY0iRVDEyZCGfDHcrroX+UGPmZKeymtt1BkvF2phGdVR+HMjzVAz88w3S4C5gZ14KYc5qOvbAg664VA3cUFv0kI57daIJa0DFBkqdt3,200
67,refine_page,https://imgservice.rentbyowner.com/webp/640x417/AzRT8xsWDLcQL9frPSuXFfBPP68gnzkfmgGPsxCmnowuVp/VK83QtIkP7Bd+6IIMwiROrR3WlG7urv4J6G3uzN0GqpHCTzZAxyuJRLJp8qSMZnEJQDonSPiZqycuWD6msmyzCjtw6QLJyoz68RhC1rfT3MyF/y8vCggnlyJ2eQxokRfGiAc=,200
68,refine_page,https://imgservice.rentbyowner.com/webp/640x417/AzRT8xsWDLcIb870djrKFRX11IQf69xPiyIzIO/JKLa4SGWLX6PNCpdsWfg0NAn8i8xNf0oZ3O6LfZjV2ommxKxoOdjB4G5wYen/gDkKg8ot90EoPKxa5rZtVBDkRA7ufbTvj8pw3kD34ShDBwP8zsqdRWXf/JjtlAlhOq+CIWcv,200
69,refine_page,https://imgservice.rentbyowner.com/webp/640x417/AzRT8xsWDLcIb870djrKFRX11IQf69xPiyIzIO/JKLa4SGWLX6PMC5dsWfg0NAn94gligV2oxtO4zj9gBKhFBkXZ7WzNBGs5/RiiY/zCkTgB6toCUt6qH1tIZ/USY8j2XDmAYWN3C3GXRhsRAUhuqCmhiyj7gcpav8NE2t6AACuR,200
70,refine_page,https://imgservice.rentbyowner.com/webp/640x417/AzRT8xsWDLcQL9frPSuXFfBPP68gnzkfmgGPsxCmnowuVp/VK83QtIkP7Bd+6IIMwiROrRvbkGHkrPoG6G3uzMQjOGPpEGP2V/q63gQoVUdVt6gL7h4PdeWfFr0YEseRqMKjbjPV2cx0Z5OD2e0420yUAm9lCU7QtDQPrn/T7b3uE7D7OcA=,200
71,refine_page,https://imgservice.rentbyowner.com/webp/640x417/AzRT8xsWDLcQL9frPSuXFfBPP68gnzkfmgGPsxCmnowuVp/VK83QtIkP7Bd+6IIMwiROrR3alGHhr/4H6G3uzAB2dMaoTkkUMLOM3Ub4v7itQ5wlfdV/5A4OBsfaAW97om5gYGSumNH6KVdzTw6AAqu6/LhTvU5mouI3qS5xPYcWhItRMkk=,200
72,refine_page,https://imgservice.rentbyowner.com/webp/640x417/AzRT8xsWDLcQL9frPSuXFfBPP68gnzkfmgGPsxCmnowuVp/VK83QtIkP7Bd+6IIMwiROrhnXlGDupfsC6G3uzAAaUz2uQZuAT8gMzXRbW1fPqBBqJBq3df6qlz8iMmPnNUmLzepnIRDSQO+pzD7zgxKP+6R4xAb4gvgS4fdoHeieYDAdKzI=,200
73,refine_page,https://imgservice.rentbyowner.com/webp/640x417/AzRT8xsWDLcQL9frPSuXFfBPP68gnzkfmgGPsxCmnowuVp/VK83QtIkP7Bd+6IIMwiROrh/XlGXurPsF6G3uzH54FCwuqpgSgP2nPasJPgjDwrSdHBynNTcI+rLqi9AW3XNcSQZIw1ry26I4dXTSDzHhJ549nmJBc624USQB1Db/XUrPpps=,200
74,refine_page,https://imgservice.rentbyowner.com/webp/640x417/AzRT8xsWDLcQL9frPSuXFfBPP68gnzkfmgGPsxCmnowuVp/VK83QtIkP7Bd+6IIMwiROrhndlmbkpfMfrHf5lAxt0yrM1nvY+LhXWfkEfQjwA8TWJg2E/PmMfFSULR2ENll6+w38nHJHfNFT5wLr0VIHXaXTW/K/X4ZPtsWQNp6eSkhQ3g==,200
75,refine_page,https://imgservice.rentbyowner.com/webp/640x417/AzRT8xsWDLcQL9frPSuXFfBPP68gnzkfmgGPsxCmnowuVp/VK83QtIkP7Bd+6IIMwiROrhHakW7lrf0J6G3uzHOd01B6uD145ST82uqg0I/Xr/nhCUpp8dBsUANy2zBRK8N+ib1PXxJbPrBMYp9WT7AW8jpVOMh8ZbsgWrri3NYIZC27HZo=,200
76,refine_page,https://imgservice.rentbyowner.com/webp/640x417/AzRT8xsWDLcIb870djrKFRX11IQf69xPiyIzIO/JKLa4SGWLX6PMDpdsWfg0NAn9cYavw9jl2YUo2nmH1na+LzHgMt1IlHYMOZqUX9Vy7Z46BEaC2OypD46qdOh2AI/89KIuS9S2kgqscXino4OMMDuo5uzCIgaeH1ahTdf2sB/9,200
77,refine_page,https://imgservice.rentbyowner.com/webp/640x417/AzRT8xsWDLcQL9frPSuXFfBPP68gnzkfmgGPsxCmnowuVp/VK83QtIkP7Bd+6IIMwiROrBnel2/jrfIJ6G3uzPI6p71OWfUjLU/Oog7s6Mg+zBoxBrl9XhXkbZohUP+66dd6+ZY0/7v62pl4t0EoYEqPHOfo0pSBQJP1k/+wZdZ716Tr0Jc=,200
78,refine_page,https://imgservice.rentbyowner.com/webp/640x417/AzRT8xsWDLcCZsGhPSGLDOcqRqUg/JF6xAjjjIvAor0CQ14jtxopq84zpwN7t4rq0WDK2Lwu58kwDDPJmpEMrqrbwS0zVSZdaA==,200
79,refine_page,https://imgservice.rentbyowner.com/webp/640x417/AzRT8xsWDLcIb870djrKFRX11IQf69xPiyIzIO/JKLa4SGWLX6PMDpdsWfg0NAn9cYepw9jl2YUo2niB132+L8cBSwupQIk/CJK6iTeXCQQz1o5qjVnVEnApPVXwLT2y+ttFvcj5c0R/hDRLuLUy8b2C0CpFAmRly6479xIyK98j,200
80,refine_page,https://imgservice.rentbyowner.com/webp/640x417/AzRT8xsWDLcIb870djrKFRX11IQf69xPiyIzIO/JKLa4SGWLX6PNDZdsWfg0NAn8JT4E+T9M7YveW6WF3Ostb2MRQsE7KtzzvnaAVry+yfNX+kNx1eJ5h7521xF9NaxzKyP+4hHnXSpmcubDbSnDS18Akq58Ol8oq7gIGtFQYKb8,200
81,refine_page,https://imgservice.rentbyowner.com/webp/640x417/AzRT8xsWDLcQL9frPSuXFfBPP68gnzkfmgGPsxCmnowuVp/VK83QtIkP7Bd+6IIMwiROqxjclmXhpP8B6G3uzATlU85iRFYH8W8HhdJYgG7NIi7GAwdZqC03EAGxk0/LL9vOcKnNptLZMZ6cZzQDgQowlEnKtdb3iNNBkaM0z4zD0cUAjBY=,200
82,refine_page,https://imgservice.rentbyowner.com/webp/640x417/AzRT8xsWDLcCZsGhPSGLDOcqRqUg/JF6xAjjjIvAor0CQ150u0wpqJlip1J+4tu5PEWt9tiqph8haeo60j+BRpykiIVPP//bGg==,200
83,refine_page,https://imgservice.rentbyowner.com/webp/640x417/AzRT8xsWDLcIb870djrKFRX11IQf69xPiyIzIO/JKLa4SGWLX6PNDZdsWfg0NAn8JT4A+T9M7YveW6WB3OwtbyyQcXnaDG2UgGskmH40z0OlHgh4Yx7z8FNEaxmxEB7G3ceeAKbR1DVApSrW5gIAK+0bOyoYmpS0wgB2kL5xIwhd,200
84,refine_page,https://imgservice.rentbyowner.com/webp/640x417/AzRT8xsWDLcIb870djrKFRX11IQf69xPiyIzIO/JKLa4SGWLX6PMAZdsWfg0NAn92QeNnEGIa5X+EWx8nN8JOCou0ksNc29OpPVskUEEZSx42xCeEi0YJcqOijehtS90Zf2tIyurhOXC5paykHLDRAm9T+d9PRJGPENBSQmnMxHK,200
85,refine_page,https://imgservice.rentbyowner.com/webp/640x417/AzRT8xsWDLcQL9frPSuXFfBPP68gnzkfmgGPsxCmnowuVp/VK83QtIkP7Bd+6IIMwiROrRnZn2Tlq/oA6G3uzC9MgdzM2l7dAUihdWn0ov5pjEKsaf+i4fV7TQPNfnTMjy7ndGl8LhRPYKifj7T2wbegbVG9EBywwILyIolHYoQijDVVHNY=,200
86,refine_page,https://imgservice.rentbyowner.com/webp/640x417/AzRT8xsWDLcIb870djrKFRX11IQf69xPiyIzIO/JKLa4SGWLX6PNDJdsWfg0NAn8gz0qIcY0iRVDEyJOGvHHcqhxWI/J72s293gLsWJ1DxGP1snCLZLfEzKS8sKKD+fPEIfgpo1FFX6eTugg9Jrl7+TuRX1GhuhzePRS2Lg7T7rP,200
87,refine_page,https://imgservice.rentbyowner.com/webp/640x417/AzRT8xsWDLcIb870djrKFRX11IQf69xPiyIzIO/JKLa4SGWLX6PNDZdsWfg0NAn8JT4E+T9M7YveW6WF3OAtbzhPEs7JV/r7RDWTwbquQNsfha22TEH7lgJxa4B9MI8iCegCnzsCVe7JyZGzn4xbqnuHnXmpm4TlyC/a9it5V0pR,200
88,refine_page,https://imgservice.rentbyowner.com/webp/640x417/AzRT8xsWDLcQL9frPSuXFfBPP68gnzkfmgGPsxCmnowuVp/VK83QtIkP7Bd+6IIMwiROrRven2Hjpf0C6G3uzJbsJSTutKehzpAccUiylbPhSk6HUaDHF/3TvzbS+0MizeDUL17Lk99ynwhvv80k2+/dMIpW/W8TzSaYc83Qf7I7cCkvGak=,200
89,refine_page,https://imgservice.rentbyowner.com/webp/640x417/AzRT8xsWDLcIb870djrKFRX11IQf69xPiyIzIO/JKLa4SGWLX6PNCJdsWfg0NAn8ZNkOudUdItej3YGkfyulsx8qfG+cjzx7x24zP5EWiNh89/GSiaQ0XCF/wTkU81ba1CRTVpWFiVrVt1YuCn80Y+PTWhBdPh2IqtSJLja9SMd5,200
90,refine_page,https://imgservice.rentbyowner.com/webp/640x417/AzRT8xsWDLcIb870djrKFRX11IQf69xPiyIzIO/JKLa4SGWLX6PNDZdsWfg0NAn8JT8F+T9M7YveW6OM0eotb70DyXaQVmNTPZ7oqd1zqGniJcI0wEuySCBju5u03dfZSc/XcAleSGQSimRO4N4vMUwi4WoDgQXRewsVZPxVm/7Q,200
91,refine_page,https://imgservice.rentbyowner.com/webp/640x417/AzRT8xsWDLcQL9frPSuXFfBPP68gnzkfmgGPsxCmnowuVp/VK83QtIkP7Bd+6IIMwiROrRnWkm/urPgH6G3uzI3XfTWppvRrdtBsrLOHJI/PAWfGaoOYSju0s29+czXTKnJ0YpZEqQfD9W1azEfOyQYvpxy5cro+k5VJszCKoWZsHeUReVw=,200
92,refine_page,https://imgservice.rentbyowner.com/webp/640x417/AzRT8xsWDLcIb870djrKFRX11IQf69xPiyIzIO/JKLa4SGWLX6PNDZdsWfg0NAn8JTID+T9M7YveW6mA0OAtb05OvzxgYvxMYHfyFU8bSs5GX1viHdkYvi4FKSVxBxM4MJZuvtMEZ0RAKRswh2zOiCA9upAC7/pPHgFsh+lnWZk7,200
93,refine_page,https://imgservice.rentbyowner.com/webp/640x417/AzRT8xsWDLcIb870djrKFRX11IQf69xPiyIzIO/JKLa4SGWLX6PNDZdsWfg0NAn8JT8M+T9M7YveW6SN0eotbwsXnbgmuBxDBtrswYva+wTIxb93mmSruve53pzdiwR5ed5W4Rhw54sHSt6MUJ95sAtk1DSv1b4c4ul1QQnSgcZJ,200
94,refine_page,https://imgservice.rentbyowner.com/webp/640x417/AzRT8xsWDLcQL9frPSuXFfBPP68gnzkfmgGPsxCmnowuVp/VK83QtIkP7Bd+6IIMwiROrB7ckmPlr/0E6G3uzJFCqtYkrsKMvLNnzoqKsm5K1AsJrOO8lL6hKZxEQ1b0Rtd83cGkVtg6XP3iQdNcQ1Qn5CkrVpBbqymBm75yjgpUs+6zfcM=,200
95,refine_page,https://imgservice.rentbyowner.com/webp/640x417/AzRT8xsWDLcQL9frPSuXFfBPP68gnzkfmgGPsxCmnowuVp/VK83QtIkP7Bd+6IIMwiROrh3dlmLkrfkG6G3uzDKm9xN2z+REvxt2wn+f53ruqaAG4tn3G85rdvxw71ZFqT7NySgeNZFSiqLd4gGGxzd96u8WmQ6l9SwuZJBtldPoDBLtiTs=,200
96,refine_page,https://imgservice.rentbyowner.com/webp/640x417/AzRT8xsWDLcQL9frPSuXFfBPP68gnzkfmgGPsxCmnowuVp/VK83QtIkP7Bd+6IIMwiROrR3al2Dlq/4H6G3uzO2aWB8wdzX6rEF8eIfZVx1MD82DfwBjDhjUo96ayT2mqs5n3VOKTelaL8giOEtSG+fz7fO8H2izVrS88zvY68+N9BoHReQ=,200
97,refine_page,https://imgservice.rentbyowner.com/webp/640x417/AzRT8xsWDLcQL9frPSuXFfBPP68gnzkfmgGPsxCmnowuVp/VK83QtIkP7Bd+6IIMwiROrRvZkmTkqP8C6G3uzK0n9Wr+opystQ/Oc+34DlziDzEMIJdfIiz0OpZvL4i5hxc3k/6gVyvaBGjzBpWWrViGIwrz1KASqUSjde8QVxFnPIJNze4=,200
98,refine_page,https://imgservice.rentbyowner.com/webp/640x417/AzRT8xsWDLcQL9frPSuXFfBPP68gnzkfmgGPsxCmnowuVp/VK83QtIkP7Bd+6IIMwiROrh/dlm/hrvsC6G3uzJvJWT8gksRp3GyFP8t1Xgh+wHr4TI8BU2mxlPkNRFZozY5onbG9dD32kANKPg7R50pgCnehrpCn2w/nIZ1ywdeRo4pTx9M=,200
99,refine_page,https://imgservice.rentbyowner.com/webp/640x417/AzRT8xsWDLcQL9frPSuXFfBPP68gnzkfmgGPsxCmnowuVp/VK83QtIkP7Bd+6IIMwiROrRvWl2bvr/sF6G3uzAENZ8LCB++6MWWCLxsFF7BKAY+BJEM9cFDDAlqg0X6Fe9A8YZIcepKjJYBuhfNNPbjMmJhJZlztb+xVQ8mBChH2/0ivD9s=,200
100,category_page,https://imgservice.rentbyowner.com/webp/640x417/AzRT8xsWDLcIb870djrKFRX11IQf69xPiyIzIO/JKLa4SGWLX6PNDZdsWfg0NAn8JT4F+T9M7YveW6SM3OEtbyj7ZPoPNF+7PJtHXeDuT1hf1do/UP/N7/Kov/GgZX4sIuZA8BMLSxX9cu3wgpYWJlsQjzm9CRTV4+5p75i1I3yi,200
101,category_page,https://imgservice.rentbyowner.com/webp/640x417/AzRT8xsWDLcQL9frPSuXFfBPP68gnzkfmgGPsxCmnowuVp/VK83QtIkP7Bd+6IIMwiROrRrek2bvr/IH6G3uzO7wEE7v7XcfG0qk+L3V7VqjvJBTs+K58dgD9pZFURMY5wG9Q47P9yi3269G3R4Cy9tkbqyFAq8YZIfqeM6vrKBmO5IBjDo=,200
102,category_page,https://imgservice.rentbyowner.com/webp/640x417/AzRT8xsWDLcIb870djrKFRX11IQf69xPiyIzIO/JKLa4SGWLX6PJDpdsWfg0NAn4XCOdoxJMShhav7IRrp9HGINRFhZZZrdMH3VRJUDh75nS6QWsCeOyTyM+5CNfBEV37/wubGueVeHrFlln+xBdaY3O4c6p+tdV0gi62IPhX1+b,200
103,category_page,https://imgservice.rentbyowner.com/webp/640x417/AzRT8xsWDLcCZsGhPSGLDOcqRqUg/JF6xAjjjIvAor0CQ15wuhkpoZswpwZ75d3rst2HmT4cvyBnq3AcybrBgVc9yiLE01utJg==,200
104,category_page,https://imgservice.rentbyowner.com/webp/640x417/AzRT8xsWDLcIb870djrKFRX11IQf69xPiyIzIO/JKLa4SGWLX6PNDZdsWfg0NAn8JT4E+T9M7YveW6WF1+ktb4YOhKW5/DX3Vgb4cRdHBpZytYhWPEJbZRxWkfrwDJ1BE3wjzI3oajFDpIlet3CKE4eBCybRX1mXRDMYTg3a7dsH,200
105,category_page,https://imgservice.rentbyowner.com/webp/640x417/AzRT8xsWDLcQL9frPSuXFfBPP68gnzkfmgGPsxCmnowuVp/VK83QtIkP7Bd+6IIMwiROrRjdk2bkrPoG6G3uzDLpr2CYyc0pGtCQ4yfHfaKYSANo3KYC6S+I5rgP2OWAOITVUYC5rleF47Gozno13FF62u4Pz2O/Ae8W7N05twW6Qt+gVgA=,200
106,category_page,https://imgservice.rentbyowner.com/webp/640x417/AzRT8xsWDLcIb870djrKFRX11IQf69xPiyIzIO/JKLa4SGWLX6PJDpdsWfg0NAn4XCOfoxJMShhav7ITr5BHGOXMf1xsM74GCNW9kVO+oA3E4V1JWtK8sVl607DWozcXwlITbOui38+b5shDLdm2Q5ZVuq8WUrXQlvbmNa6Qv2DJ,200
107,category_page,https://imgservice.rentbyowner.com/webp/640x417/AzRT8xsWDLcQL9frPSuXFfBPP68gnzkfmgGPsxCmnowuVp/VK83QtIkP7Bd+6IIMwiROrhDbkGfhrv0E6G3uzMEGPGJY9tdVyZH3kh5LcBBtvEfp++FiS6bgjmU+QYjgFVPzFkKaGbbTBzRJaaDN4AYvAn+m1hlik6xtF9Noljz6V2hQoYU=,200
108,category_page,https://imgservice.rentbyowner.com/webp/640x417/AzRT8xsWDLcQL9frPSuXFfBPP68gnzkfmgGPsxCmnowuVp/VK83QtIkP7Bd+6IIMwiROrh3WkGHhpfsE6G3uzHT6sRwuBAnaN20RDVoOv6QDEhY+PGvsLDumo749TcRF6K5nOSwI+PlBGwSP+gCim28dN3Hi98gsVx/WCCbQZSnD8wKoPRU=,200
109,category_page,https://imgservice.rentbyowner.com/webp/640x417/AzRT8xsWDLcQL9frPSuXFfBPP68gnzkfmgGPsxCmnowuVp/VK83QtIkP7Bd+6IIMwiROqxnek2biqvwC6G3uzLso4ouoYZK9WGn709FBbyHGJSmvMqQHehjiNXMY/41MPT/ljbyIUK4Y1Qc3MDeShYNkIkzevUTGd47vjqZdAeeZ1NUt38A=,200
110,category_page,https://imgservice.rentbyowner.com/webp/640x417/AzRT8xsWDLcCZsGhPSGLDOcqRqUg/JF6xAjjjIvAor0CQ1514RspoZdhp1d+sNbu9za6BM8e4XJ6HtaWiYWbt78+MCLa109FiQ==,200
111,category_page,https://imgservice.rentbyowner.com/webp/640x417/AzRT8xsWDLcIb870djrKFRX11IQf69xPiyIzIO/JKLa4SGWLX6PJAJdsWfg0NAn4bQ1y7Y31R7RCK6ADZtuvAw1JNLiHArfUEDJuHlThV4K9FmWJ1FvtdlTuGEtBxInQOLtcFD/9wn4BwhETAui7yiLuAKISEOJrzqp6ykR6SPdG,200
112,category_page,https://imgservice.rentbyowner.com/webp/640x417/AzRT8xsWDLcIb870djrKFRX11IQf69xPiyIzIO/JKLa4SGWLX6PJCZdsWfg0NAn5Ns3ItgKmb4PmBYyeVUkwtYB/siFEEYGYesR7tqBgSKNgLgBZBXrXxyA43aOPmGq+Ai+H6ISudOBdXqoLa3ohq5ZCyFBwkNSEKqM57cQRzu9l,200
113,category_page,https://imgservice.rentbyowner.com/webp/640x417/AzRT8xsWDLcIb870djrKFRX11IQf69xPiyIzIO/JKLa4SGWLX6PJDpdsWfg0NAn4XCKZoxJMShhav7MVopVHGOgotLgHACU5mfQyJOLIlZvp6Upxj23ZT2/RaiFpWozuBS32sTFE9NgRo/emKjf0iwHSMz/+cpB7v6LO60OZpXjm,200
114,category_page,https://imgservice.rentbyowner.com/webp/640x417/AzRT8xsWDLcIb870djrKFRX11IQf69xPiyIzIO/JKLa4SGWLX6PIDpdsWfg0NAn5emMeAgQsRxopo2JN71XuCDDIua9yLWrg7e28nXlHcaI2wMTdq1GPEpsWPdLkfYN1XscurfsJ3WCqgYrkvYScdG2rLl+hdcVXNPkI9201lRDn,200
115,category_page,https://imgservice.rentbyowner.com/webp/640x417/AzRT8xsWDLcIb870djrKFRX11IQf69xPiyIzIO/JKLa4SGWLX6PKAZdsWfg0NAn7S4jOo9OmmVu870826Tx2gQHY1p6fJU5C8bOyR9xrEZBusR7yUYxzV9Y4qPnm2Zexb01OJDoQyvVUegCFaf0qAth6J5mbQq4dPCf+fO8giX+1,200
116,category_page,https://imgservice.rentbyowner.com/webp/640x417/AzRT8xsWDLcIb870djrKFRX11IQf69xPiyIzIO/JKLa4SGWLX6PKD5dsWfg0NAn7rRUsuWhkLuT1gZjxAvtgsukjBt1P0dL02bT9tcv5HNMRh4WK85nGWKBUKkBpVvJ1bji1F/6VuMfrncr42IWcPgCGm8OxGGHUXRQQbwSxzwVE,200
117,category_page,https://imgservice.rentbyowner.com/webp/640x417/AzRT8xsWDLcIb870djrKFRX11IQf69xPiyIzIO/JKLa4SGWLX6PNDJdsWfg0NAn8gzknIcY0iRVDEyZNEPHHch31yoXjoqlPGLnfCfIuQ037ZIauQG2rMukfVAHIQ8/a4DgG0joCs/E8ilkcclmstdkwW12W/N+7fnamWVQnc4nt,200
118,category_page,https://imgservice.rentbyowner.com/webp/640x417/AzRT8xsWDLcIb870djrKFRX11IQf69xPiyIzIO/JKLa4SGWLX6PNDZdsWfg0NAn8JTIC+T9M7YveW6mD0ustb9OM6TnpJP9oT0p8ZHytMx440Gn+tQyrWQBQdkPclmPM1GYfqV5Qrjg3RIceHcz9ZzZw0TY1jyHoDzJAs9YgRwK0,200
119,category_page,https://imgservice.rentbyowner.com/webp/640x417/AzRT8xsWDLcIb870djrKFRX11IQf69xPiyIzIO/JKLa4SGWLX6PMC5dsWfg0NAn94gljgV2oxtO4zj9vDKtFBsvk0PH1rB3cH8h8labx3vlO96hlMlsO9t7D5u63SCk5/x+C6BgO+iX0vNrMu6Ho540rNCHv8bn4Emdn/cTKrV1dIVwb0g==,200
120,category_page,https://imgservice.rentbyowner.com/webp/640x417/AzRT8xsWDLcIb870djrKFRX11IQf69xPiyIzIO/JKLa4SGWLX6PKAJdsWfg0NAn7MHGNAl4kwDnYhGNhg+yGrnDUzMEHyJ0VsPN2hZc82BP14Uy1QlPlAPMpWgSVevFasO4lMJQVupq9q92ATIRgsTtqMy6w+yhYKumpqz9wPnjM,200
121,category_page,https://imgservice.rentbyowner.com/webp/640x417/AzRT8xsWDLcIb870djrKFRX11IQf69xPiyIzIO/JKLa4SGWLX6PNDZdsWfg0NAn8JTIB+T9M7YveW6mG0uEtb7kWwN3dLYOO6hihytuk3tmp2yeQ9/bMmYlALWWezWqg3UFK1FTH/D/y7XkBUZWSkI3oo3sTNfkeFlRbwqCQY2vk,200
122,category_page,https://imgservice.rentbyowner.com/webp/640x417/AzRT8xsWDLcQL9frPSuXFfBPP68gnzkfmgGPsxCmnowuVp/VK83QtIkP7Bd+6IIMwiROrRrbl2PkqP0G6G3uzMDDnWdNDOwfkHjKnlcnjcf670q6yHzYQMb23gigxmeZw2Lm24iuOxPcSTRX31KI9oWlCF+ToDScFYAKc5SWzKg6a2vMCuw=,200
123,category_page,https://imgservice.rentbyowner.com/webp/640x417/AzRT8xsWDLcIb870djrKFRX11IQf69xPiyIzIO/JKLa4SGWLX6PMCZdsWfg0NAn+yd5WUbAb8pZWma3xHlXLjo5qVS/V6rh6vDs2X/jxninzi4RUTSj7fSnPHk8wUuWfPM0uaujLJDEcdeQVdKj/rptU9TdQ3MRPI4crw6ZqYiZW,200
124,category_page,https://imgservice.rentbyowner.com/webp/640x417/AzRT8xsWDLcIb870djrKFRX11IQf69xPiyIzIO/JKLa4SGWLX6PNDZdsWfg0NAn8JT4D+T9M7YveW6WA3ektb8hDUylK6aoy31G/OYeD3P0W3wa2Gap4qTGi2fEcN0hGWCFZeVoNjcQF+QxglO5zFk8x/NvhkyGbxZ8fJ9ecCIUB,200
125,category_page,https://imgservice.rentbyowner.com/webp/640x417/AzRT8xsWDLcQL9frPSuXFfBPP68gnzkfmgGPsxCmnowuVp/VK83QtIkP7Bd+6IIMwiROrBHekW/jqf0F6G3uzMAUNO3ehA6mML+NjCFzJEWkcXUFoeDZfnIdTJBPrRipYoUKv2GQDiqFn+C7B9v9QfGP6QAT6XHZ+OIH+rnOb3YCCoOfJBA=,200
126,category_page,https://imgservice.rentbyowner.com/webp/640x417/AzRT8xsWDLcQL9frPSuXFfBPP68gnzkfmgGPsxCmnowuVp/VK83QtIkP7Bd+6IIMwiROrRnWl2Lirf8B6G3uzPPQmQmCcAU5H0P+jGH5aw6+XIgiRsg4cUeICFruID8cOL9OgrkDrdlFR/Hx01aLjlXnoIYJ0SDTNoNAj6fxXap/sT9A5dg=,200
127,category_page,https://imgservice.rentbyowner.com/webp/640x417/AzRT8xsWDLcIb870djrKFRX11IQf69xPiyIzIO/JKLa4SGWLX6PNDZdsWfg0NAn8JT8M+T9M7YveW6SN1uEtb3qKWIpvOmfSL2DfopcLzgGWQrUni5o/1qX1RHyMEpuChBsmK9ObdC1b7hoN3/fHJst5RZBpdc7zzkzJAWlYEVYW,200
128,category_page,https://imgservice.rentbyowner.com/webp/640x417/AzRT8xsWDLcQL9frPSuXFfBPP68gnzkfmgGPsxCmnowuVp/VK83QtIkP7Bd+6IIMwiROrhvel2fupfwG6G3uzFX1p9uaBh7Y9v1gZmHUy1MsCXfv5a8nl61iBbTr074u/wH/9mbOpKktRk4abnQmgwdUz+0Y7pJlKgE4XdD2osLIhk6eLg8=,200
129,category_page,https://imgservice.rentbyowner.com/webp/640x417/AzRT8xsWDLcIb870djrKFRX11IQf69xPiyIzIO/JKLa4SGWLX6PNDJdsWfg0NAn8gzgvIcY0iRVDEyBDGPXHcokl0gcsU1uYcug79No3uacAsj8sU62SB2IiV1cpPuvvjA1HPzMS4FzvgxxGEhEpxALSgLxQib6M4aq71xJs2Nb/,200
130,category_page,https://imgservice.rentbyowner.com/webp/640x417/AzRT8xsWDLcQL9frPSuXFfBPP68gnzkfmgGPsxCmnowuVp/VK83QtIkP7Bd+6IIMwiROrRjbkmXir/0A6G3uzPZCOCEzNgRjRtYNn/Sn1yHUT/+yF/dkvSm5RckoEIrOR4HAvX81ukG6k7khnmsshLZKE1GTGVKNHhH3Hv3oY8TdnjipLKQ=,200
131,category_page,https://imgservice.rentbyowner.com/webp/640x417/AzRT8xsWDLcQL9frPSuXFfBPP68gnzkfmgGPsxCmnowuVp/VK83QtIkP7Bd+6IIMwiROrR7fkW7nqvgI6G3uzLgMXpoKlPUD2TYdn9cRIp0Lr0tV5Q9Vw3exPauWbb3ZNixZQXIbO33oKkkTnf8iWDPoUCf1sZKVNXkbKRSFzGdZ0N9rH2U=,200
132,category_page,https://imgservice.rentbyowner.com/webp/640x417/AzRT8xsWDLcQL9frPSuXFfBPP68gnzkfmgGPsxCmnowuVp/VK83QtIkP7Bd+6IIMwiROrhrXn2LmpP8H6G3uzJi2ha02Fn4zCF4D94LEnArONPVMZWSTUcweLZmGmZm3ZqH9V0hAPTk4um7D+wPvGJLOJ0bODZWATBjIdRFq3Vr7NYf2Vx0=,200
133,category_page,https://imgservice.rentbyowner.com/webp/640x417/AzRT8xsWDLcIb870djrKFRX11IQf69xPiyIzIO/JKLa4SGWLX6PMC5dsWfg0NAn94gligV2oxtO4zj9gBa5FBsx7AFWkMCRcn8Qmp3ZSaJCW6yv3zXn8bU87k6m39oiJgc6E+O9TiUhWfJJgdiZ8qEipGwPwq2MHdpY2i5x3olml,200
134,category_page,https://imgservice.rentbyowner.com/webp/640x417/AzRT8xsWDLcQL9frPSuXFfBPP68gnzkfmgGPsxCmnowuVp/VK83QtIkP7Bd+6IIMwiROrh7fl2/krf4A6G3uzONP5+KQpomC6eQsT3hyENdGMj+vTAXq8lGSEZrdabNaUsa92faC65hjb+8HhUsoH1PKdyhgVIOl8/CQu5oANwdRJIi7UZU=,200
135,category_page,https://imgservice.rentbyowner.com/webp/640x417/AzRT8xsWDLcIb870djrKFRX11IQf69xPiyIzIO/JKLa4SGWLX6PJDpdsWfg0NAn4XCOeoxJMShhav7IUrpNHGLS+p4fXRBgN3OU2ymAUohNc6sGx7085+2YeEP06OULuZ57QjIZgzmx86Rp18VqwKxS7xlGDiwly15KI54dYiyA2,200
136,category_page,https://imgservice.rentbyowner.com/webp/640x417/AzRT8xsWDLcIb870djrKFRX11IQf69xPiyIzIO/JKLa4SGWLX6PNDJdsWfg0NAn8gzgtIcY0iRVDEydLHvXHchqLhDDF4FiIRwKZaVdVetswNpJ4Ii1gmbhGD/gEW2BatE0gat+aR4Uzz65swGBcaoQXFtOsqrQA7+qAAXxrrN3Z,200
137,category_page,https://imgservice.rentbyowner.com/webp/640x417/AzRT8xsWDLcQL9frPSuXFfBPP68gnzkfmgGPsxCmnowuVp/VK83QtIkP7Bd+6IIMwiROrhDbnmPgrP0I6G3uzNOsUwaKbpDeq9rxW/zj0CsC3PvtuzS2fOk2MuJom65o6hfca406Nzw9RXwqi8FG062bxAWfSrzYzqsq3Y/cC4Df4HvNG0M=,200
138,category_page,https://imgservice.rentbyowner.com/webp/640x417/AzRT8xsWDLcQL9frPSuXFfBPP68gnzkfmgGPsxCmnowuVp/VK83QtIkP7Bd+6IIMwiROrhDYlWHnqPsG6G3uzPezXs4XsLX+VPLhflvXvquhecuLR8sEDjZHqhpbBBwtu7fPKyEZfuxKAjw4RIOJYJsdr+sm4FkuUapRNsjyU9i/IZXuUgQ=,200
139,category_page,https://imgservice.rentbyowner.com/webp/640x417/AzRT8xsWDLcIb870djrKFRX11IQf69xPiyIzIO/JKLa4SGWLX6PNDJdsWfg0NAn8gzwmIcY0iRVDEyNCHPTHckpmcvsVD0xOmqWceMsO5ipgpcJEHg2r3iFZJjeJyZSHpNGej1Px2foaAyRNV/OJkHShwX/Dl5A1XE/dySjxl6h9,200
140,category_page,https://imgservice.rentbyowner.com/webp/640x417/AzRT8xsWDLcQL9frPSuXFfBPP68gnzkfmgGPsxCmnowuVp/VK83QtIkP7Bd+6IIMwiROrRvZnm7lpP0I6G3uzErox8b3+Qk3GTFxh4+dWGVGhas4qOuB8CoyF5XPeS6guVR814Wg75RDIObK15om16/Qs3Z8gIh3Etw5BxXGtVYUXOib9lc=,200
141,category_page,https://imgservice.rentbyowner.com/webp/640x417/AzRT8xsWDLcMZ8v6cmeND4+HhJp/rdHa9yHTIC+tU9VXLIGEo/pMAE6OvYCEumGzjWy5MYlnSjJDIHa8JRHT3O7FzAjL4eVhMuE7q2PLPf0JVTwhcEHe+5L7,200
142,category_page,https://imgservice.rentbyowner.com/webp/640x417/AzRT8xsWDLcQL9frPSuXFfBPP68gnzkfmgGPsxCmnowuVp/VK83QtIkP7Bd+6IIMwiROrRzYl2DjpfwF6G3uzGJH+bQk4oQT3wHpfsphACG/VRuq2ljUVm46bvihlyWGDabekagexQBqqZpj0nkuH4eaL+efg2D/WDr3ThALlZR6dDQ6eI4=,200
143,category_page,https://imgservice.rentbyowner.com/webp/640x417/AzRT8xsWDLcQL9frPSuXFfBPP68gnzkfmgGPsxCmnowuVp/VK83QtIkP7Bd+6IIMwiROrh3XkGfkpPoI6G3uzCcZrCPgt/hSCipzxpbkzCysNnzVtMZMEg+1cpkqTXjssjLEYhyc4PsH+yW+sjkLFhGUke+BTgoBgLbkiiXwFhmekfeSIEs=,200
144,category_page,https://imgservice.rentbyowner.com/webp/640x417/AzRT8xsWDLcQL9frPSuXFfBPP68gnzkfmgGPsxCmnowuVp/VK83QtIkP7Bd+6IIMwiROrRzXnmPnq/IB6G3uzEBsqqE1gHXprv7BegTBuTwBAQDpoXt9O8JdgH8wvGzWag+GoP95xEkgc0eaxyQhCR7Y1vnC+odlcC0ksd73RFO/j+3hihs=,200
145,sub_location_Page,https://imgservice.rentbyowner.com/webp/640x417/AzRT8xsWDLcIb870djrKFRX11IQf69xPiyIzIO/JKLa4SGWLX6PLC5dsWfg0NAn6obj6zAhblzB1DUGG3i7G+Gn06ZnnQ3eyffn28d/UkvvjCq4fo2Gu3xVyEkTNe9PphVB8lhJ4JDpq+HjpZdj/+jSbx2ZIyjVUUZDiAVfDP9d6,200
146,sub_location_Page,https://imgservice.rentbyowner.com/webp/640x417/AzRT8xsWDLcQL9frPSuXFfBPP68gnzkfmgGPsxCmnowuVp/VK83QtIkP7Bd+6IIMwiROrRjblG7gqPwF6G3uzOw5Ao7US2mmEuWkX8P5sok9jSZYV2srJbr2jVVW1l5GSZRfyL+4c1WMqVsP3f4yUwPTheOHHjIOE8Yk67AP/Q6QeDAsJok=,200
147,sub_location_Page,https://imgservice.rentbyowner.com/webp/640x417/AzRT8xsWDLcIb870djrKFRX11IQf69xPiyIzIO/JKLa4SGWLX6PKDJdsWfg0NAn7J4m2CfQUxuko0LNT5otPLrN7/N+JmEOxm7L3OS1bKtpoG+eVk1vHnXFv0SY6exd9C4YNOahxmGokPB2Q/3dZNZs8dw5w9nyQ+9p2EmnRMhbl,200
148,sub_location_Page,https://imgservice.rentbyowner.com/webp/640x417/AzRT8xsWDLcCZsGhPSGLDOcqRqUg/JF6xAjiiJ3Osv8/05rNypSzp31LiGhjkeAnwxdgeovCvTxR/+b5yNlr1VLEl8L+Wmlx9TQ=,200
149,sub_location_Page,https://imgservice.rentbyowner.com/webp/640x417/AzRT8xsWDLcIb870djrKFRX11IQf69xPiyIzIO/JKLa4SGWLX6PKAJdsWfg0NAn7MHGAAl4kwDnYhGNqg+uGrrvUg9SxOom4urxQkJNOGXQkXy0PCSOv7kqC3S8VyEWij7nP1eyb9TxMNuWZNNC8a26hAGNxO0sBRLvcPMjmNVmD,200
150,sub_location_Page,https://imgservice.rentbyowner.com/webp/640x417/AzRT8xsWDLcQL9frPSuXFfBPP68gnzkfmgGPsxCmnowuVp/VK83QtIkP7Bd+6IIMwiROqR3YlmTmqPIfrHf5lMIovjh3KTPmkwLzdHRnL6vR0HFQceI4W9LG4Kyzg8eB9Bf850Ox8I0s4MC7lYvpaW74vusb+AUmyEH1hc1GyeeCbkTQKQ==,200
151,sub_location_Page,https://imgservice.rentbyowner.com/webp/640x417/AzRT8xsWDLcIb870djrKFRX11IQf69xPiyIzIO/JKLa4SGWLX6PMCZdsWfg0Kxf+0q/i13Gpk2LPk3kto2kJ69Hb/Zuf7DCVTzJdyg95YMhjaj9S/3SP9YVlPCUvGw0QrMUik7kW8eVidtaPP6zAf7f1W7TDWYnCoKB2Sos=,200
152,sub_location_Page,https://imgservice.rentbyowner.com/webp/640x417/AzRT8xsWDLcCZsGhPSGLDOcqRqUg/JF6xAjjjIvAor0CQ153sx0p/Jlmp1F14NbsJnUPEmM7JKt636q6UgNPWEaj40GgEyr6VQ==,200
153,sub_location_Page,https://imgservice.rentbyowner.com/webp/640x417/AzRT8xsWDLcIb870djrKFRX11IQf69xPiyIzIO/JKLa4SGWLX6PKAJdsWfg0NAn7MHGAAl4kwDnYhGNqg+yGrkxIYd/3bkOc1thPr2qNFgVI69mjVCmI8CQaaj8iH0zLdn0rZpdbdezZ7OTpGJhBpqt42Ev8uehMrg5w+kr9OQFD,200
154,sub_location_Page,https://imgservice.rentbyowner.com/webp/640x417/AzRT8xsWDLcQL9frPSuXFfBPP68gnzkfmgGPsxCmnowuVp/VK83QtIkP7Bd+6IIMwiROrhvbn2bipPoF6G3uzFx3/pGrPQw74FqwcGVBHodnBLLvtXcxDNTjD3N3VXAWtqYcRJa2YcCcAiXFMktXFsnG2u7loqOwGr+j2zimwALfatSSTGk=,200
155,sub_location_Page,https://imgservice.rentbyowner.com/webp/640x417/AzRT8xsWDLcIb870djrKFRX11IQf69xPiyIzIO/JKLa4SGWLX6PMCZdsWfg0Kxf+3K/i13Gpk2LNkHsto2kJ6/ikqKXQUaCEqOQ1KJrAXERC2GL1/UfiH9lT18QwG8i846Wr7b9Fh2VOfPqKZFWd4EuxFROujRyzR7pcsKU=,200
156,sub_location_Page,https://imgservice.rentbyowner.com/webp/640x417/AzRT8xsWDLcIb870djrKFRX11IQf69xPiyIzIO/JKLa4SGWLX6PKAJdsWfg0NAn7MHGAAl4kwDnYhGNqg+yGrkxIYd/3bkOf19hD/j+IRVH3cjivm6OUi5UmkzSG265iF8od9N1VpvVA0Je3fniCr5+bRMPFyjoib38UL/ysRPNc,200
157,sub_location_Page,https://imgservice.rentbyowner.com/webp/640x417/AzRT8xsWDLcQL9frPSuXFfBPP68gnzkfmgGPsxCmnowuVp/VK83QtIkP7Bd+6IIMwiROrRvakmTuq/8A6G3uzBbJBseaGbnK4mYbLu1/UheLo2clMyzcWyXjrap9RhCTe8ma5VRukK9EiK2PRnz5WfBqqeRCWlE6JXbhDXYsni/aDgU8RjI=,200
158,sub_location_Page,https://imgservice.rentbyowner.com/webp/640x417/AzRT8xsWDLcIb870djrKFRX11IQf69xPiyIzIO/JKLa4SGWLX6PMCZdsWfg0Kxf+0q/i13Gpk2LPk3kto2kJ69Hb/Zud7DLBTGgKnlJyYMj8mRNq2aXo3Y7u4arUBcuwqMWa4ZU++KmJXSAnsbTr29fzr5ZeXCFewczwS0U=,200
159,sub_location_Page,https://imgservice.rentbyowner.com/webp/640x417/AzRT8xsWDLcIb870djrKFRX11IQf69xPiyIzIO/JKLa4SGWLX6PKAJdsWfg0NAn7MHGAAl4kwDnYhGNqg+uGrrvUg9SxOom2t7xRl8BAS3MyfiiTf0rb0AS9ewg02R1LdK3G8b3ULen/IgAlmbJKNwUz1VQM7K1EpLo5VTfD3rMf,200
160,sub_location_Page,https://imgservice.rentbyowner.com/webp/640x417/AzRT8xsWDLcQL9frPSuXFfBPP68gnzkfmgGPsxCmnowuVp/VK83QtIkP7Bd+6IIMwiROrB3XkW/mpP0F6G3uzBghdOmlrFINleLePTif7c66gR1KmMA1X3tnTeL6V2rr2qgbUL/ut6iwzoRQMBIBeriMcMIHS5IoutHOEsJgpVC2gT7tfeI=,200
161,sub_location_Page,https://imgservice.rentbyowner.com/webp/640x417/AzRT8xsWDLcIb870djrKFRX11IQf69xPiyIzIO/JKLa4SGWLX6PLCZdsWfg0KxL5CPf2HkwZTTvjH9pylY+ujkfBvsg/MRVD3DDTmTCCRykdfmuegNWxYSQJRIaNSEzdAitV1Ki0O/e4NjVFfNKZc1J/mwG7MwGmZt734UM=,200
162,sub_location_Page,https://imgservice.rentbyowner.com/webp/640x417/AzRT8xsWDLcIb870djrKFRX11IQf69xPiyIzIO/JKLa4SGWLX6PKAJdsWfg0NAn7MHGAAl4kwDnYhGNqg+uGrrvUg9SxOom3urwIkZdOHSZs5QvU1j/eAnkutbGLZ43cr9/g0mMrKMCvxpnZ4pO68F6osBxbdVpc8mkrC3mekaG+,200
163,sub_location_Page,https://imgservice.rentbyowner.com/webp/640x417/AzRT8xsWDLcQL9frPSuXFfBPP68gnzkfmgGPsxCmnowuVp/VK83QtIkP7Bd+6IIMwiROrh/dlGLgqPwH6G3uzKmF1YbpH6oC3g+2v35AzODx5wl4stWZxWK/A1QcyjOisE6LudF6Ax9cU9XJ/UBGHLR4kte+HuFFVXWwTXFt7QMlHQjnCy0=,200
164,sub_location_Page,https://imgservice.rentbyowner.com/webp/640x417/AzRT8xsWDLcQL9frPSuXFfBPP68gnzkfmgGPsxCmnowuVp/VK83QtIkP7Bd+6IIMwiROrBzdnm/kqPsH6G3uzMAH04ce1Q2LAQGYJyvoACbeIHIC4c2fIzvv1oqFafJwq0IKxaIQWiNd/4jPb35zgpPui61Vpar43nyQSndiOqY2qZuihwA=,200
165,sub_location_Page,https://imgservice.rentbyowner.com/webp/640x417/AzRT8xsWDLcQL9frPSuXFfBPP68gnzkfmgGPsxCmnowuVp/VK83QtIkP7Bd+6IIMwiROrBven2Xir/4I6G3uzPvycNU6z55l9cXC2hIPrJCUioL2C387fYuA/zdBWgykUBlDJpib+hE4cMjHNu+1tgFPAEJAlf8nPNuU12J0Xbl4/vNpkJM=,200
166,sub_location_Page,https://imgservice.rentbyowner.com/webp/640x417/AzRT8xsWDLcQL9frPSuXFfBPP68gnzkfmgGPsxCmnowuVp/VK83QtIkP7Bd+6IIMwiROrB/cl2bupf0D6G3uzK5MhUb4OjQB300dBN/oVTb5kkJZQC8AGHrUoFCNTXGge3Ov3mnLyv3e1FanJDnxrCoDQQUv6CLwtPh9hGKn+qKEnwq7xZI=,200
167,sub_location_Page,https://imgservice.rentbyowner.com/webp/640x417/AzRT8xsWDLcQL9frPSuXFfBPP68gnzkfmgGPsxCmnowuVp/VK83QtIkP7Bd+6IIMwiROrh3cn2fvrvwJ6G3uzGQOdKqcaWR3TQlg+l2UDHshIsgFxANDA0DW7kzLkq5ts0BJ4sUbosi9NbytB6rQ00ymgzYVtNs0sI/Cm72UHKZgJ8853fs=,200
168,sub_location_Page,https://imgservice.rentbyowner.com/webp/640x417/AzRT8xsWDLcQL9frPSuXFfBPP68gnzkfmgGPsxCmnowuVp/VK83QtIkP7Bd+6IIMwiROpxHalGXkqvkfrHf5lBkwHnbqcqllBsfqC/zFxo02wVMmPz7MCim/co8sCgZcoEjVa870jKyTOYpfvXkBZG1tju4X8Q+Q6FVe2rUxv8f2t0VCoQ==,200
169,complex_page,https://imgservice.rentbyowner.com/webp/300x222/AzRT8xsWDLcIb870djrKFRX11IQf69xPiyIzIO/JKLa4SGWLX6PNCJdsWfg0NAn8ZN4FudUdItej3YatdSqlsyWf3KFiGgSOc4okrkhAqu8erhf6XpnKTLGVoyJA44Vr/vkyWCWNN1bG09hCIoDZ7CDxIrSOX/hi4svrfDfS9iWe,200
170,complex_page,https://imgservice.rentbyowner.com/webp/300x222/AzRT8xsWDLcIb870djrKFRX11IQf69xPiyIzIO/JKLa4SGWLX6PNCJdsWfg0NAn8ZN4FudUdItej3YatdSqlsyWf3KFiGgSOc4orrkpBreuKHczTwGRQDPufb6jAbX5jn2MROhbYfS0+1NodP0obpVWGk+yGB/VngDxe7ni4NvAU,200
171,complex_page,https://imgservice.rentbyowner.com/webp/300x222/AzRT8xsWDLcIb870djrKFRX11IQf69xPiyIzIO/JKLa4SGWLX6PNCJdsWfg0NAn8ZN4FudUdItej3YatdSqlsyWf3KFiGgSOc4ogq0pNrOYnf0z+eqshuMuXitrH9BQMXqxTcqRBrWfy+Umy2TSHZAhRIsJ3p3giKHBZsKJpCRB6,200
172,complex_page,https://imgservice.rentbyowner.com/webp/300x222/AzRT8xsWDLcIb870djrKFRX11IQf69xPiyIzIO/JKLa4SGWLX6PNCJdsWfg0NAn8ZN4FudUdItej3YatdSqlsyWf3KFiGgSOc4pxrxxGqLtjrjNLuSX1jnOQuo8ga3aMqsG30UrjZ+hhGgsJY4KMuyJbZKXLydmsuvowqAmwE0JV,200
173,complex_page,https://imgservice.rentbyowner.com/webp/640x417/AzRT8xsWDLcIb870djrKFRX11IQf69xPiyIzIO/JKLa4SGWLX6PNCJdsWfg0NAn8ZN4PudUdItej3Yarciyls0d8XVBtG8wIHOvCOc2DipYdo+yFe0MDOO3N5ufmqylTVPJSBn6qA+ccURwi7yRlISUIYlJEGaCfMi0kszrRztrX,200
174,complex_page,https://imgservice.rentbyowner.com/webp/640x417/AzRT8xsWDLcIb870djrKFRX11IQf69xPiyIzIO/JKLa4SGWLX6PNCJdsWfg0NAn8ZN8HudUdItej3YalcyylsxzRJIkSsKTod50JjPvir4E1HvolamCFQxhC7IoCz8VjMluand4SXkBk7Wnn1FdAs0phBxfX5AHwkynC4rtDkvue,200
175,complex_page,https://imgservice.rentbyowner.com/webp/640x417/AzRT8xsWDLcIb870djrKFRX11IQf69xPiyIzIO/JKLa4SGWLX6PNCJdsWfg0NAn8ZN0BudUdItej3YWpfiyls1DSmlgr0/Q2RF6DEYq+NchK1k0DPD08Vs4a6FHDy/2tXQMy0upMvhpJ322aotlxFWtazkG5tNv8+aKURTEL8oRA,200
176,complex_page,https://imgservice.rentbyowner.com/webp/640x417/AzRT8xsWDLcIb870djrKFRX11IQf69xPiyIzIO/JKLa4SGWLX6PNAZdsWfg0NAn8VuMUfetzlqi1uU/nYRhIjfACJTSxVVOZ9osbAVW3e0r4P8IUn8OoXCN/8ch+E5ZjiYgN5Ht2UaPr/MiYlppX31GlN1K9aKVDQdBQaR2f80Kh,200
177,complex_page,https://imgservice.rentbyowner.com/webp/640x417/AzRT8xsWDLcIb870djrKFRX11IQf69xPiyIzIO/JKLa4SGWLX6PKAJdsWfg0NAn7MHqMAl4kwDnYhGhuj+uGrhE8cMFiDRuQwgj8UyuXzDrZpdTEak5X0tmq84BnqLoQy4v+qFYoz6+VByh7pPuI/BatKr3rqHxZEew9c50VneYR,200
178,complex_page,https://imgservice.rentbyowner.com/webp/640x417/AzRT8xsWDLcIb870djrKFRX11IQf69xPiyIzIO/JKLa4SGWLX6PKCZdsWfg0NAn8YM5RxdQPydo3T8/GHdytQnFeujmxcrsF3Ucr4U+IimswnVwZuKGKPjxLysbW2Lgxb2FmaA5/uCIlHW+fEbtywiApEuTE2Yf3D4WHPXo0dijA,200
179,complex_page,https://imgservice.rentbyowner.com/webp/640x417/AzRT8xsWDLcIb870djrKFRX11IQf69xPiyIzIO/JKLa4SGWLX6PNAJdsWfg0NAn8nbk1Wwah6fxwFB0IIC++WhqgUWM7Orf8B90Ih814eISDBIz+LASlKhUSYTuvRmY8gqB65HUmW2VZjWp/T5tKLBPAz6VMsegYvdGZ6uz5WKYv,200
180,complex_page,https://imgservice.rentbyowner.com/webp/640x417/AzRT8xsWDLcIb870djrKFRX11IQf69xPiyIzIO/JKLa4SGWLX6PNCJdsWfg0NAn8ZN4FudUdItej3YatdSqlsyWf3KFiGgSOc4okrkhAqu8erhf6XpnKTLGVoyJA44Vr/vkyWCWNN1bG09hCIoDZ7CDxIrSOX/hi4svrfDfS9iWe,200
181,complex_page,https://imgservice.rentbyowner.com/webp/640x417/AzRT8xsWDLcQL9frPSuXFfBPP68gnzkfmgGPsxCmnowuVp/VK83QtIkP7Bd+6IIMwiROphHXkm/nr/IfrHf5lOoPCqGYgw5D+Bns/2bRhUeScqiZRu5lxIalkBqUTlY5T/ckJxYIqwlzmAkcxl4aCsAHr8IpdYSHaXcXjFb2TjAhu0mLaA==,200
182,complex_page,https://imgservice.rentbyowner.com/webp/640x417/AzRT8xsWDLcIb870djrKFRX11IQf69xPiyIzIO/JKLa4SGWLX6PJDpdsWfg0NAn4XCOfoxJMShhav7ITr5RHGIrUezat7V8PIpk9xF8Irga0FA8Wwcqspx0097adbUTXblX5OZHuACNYcINdhl40/md8Y2bgL1Fr2+7Z+jJeEZpa,200
183,complex_page,https://imgservice.rentbyowner.com/webp/640x417/AzRT8xsWDLcCZsGhPSGLDOcqRqUg/JF6xAjjjIvAor0CQ150t0kpqphkpwN454jnJMNnx6XXPOLCXRTFip3H6sjZom1p3gUUFw==,200
184,complex_page,https://imgservice.rentbyowner.com/webp/640x417/AzRT8xsWDLcIb870djrKFRX11IQf69xPiyIzIO/JKLa4SGWLX6PNCJdsWfg0NAn8ZN4PudUdItej3Yarciyls0d8XVBtG8wIHOvCOc2DipYdo+yFe0MDOO3N5ufmqylTVPJSBn6qA+ccURwi7yRlISUIYlJEGaCfMi0kszrRztrX,200
185,complex_page,https://imgservice.rentbyowner.com/webp/640x417/AzRT8xsWDLcQL9frPSuXFfBPP68gnzkfmgGPsxCmnowuVp/VK83QtIkP7Bd+6IIMwiROrhnalG/gqv4H6G3uzFzW5pN7lB/gvYZYFy01ETPpugymA3k/NAZLKQFqgSFQKb/S0d+27t1ZOU4kiIBg1i8+WQgaw1GeHLdiLy0/sLY2f2IXnMk=,200
186,complex_page,https://imgservice.rentbyowner.com/webp/640x417/AzRT8xsWDLcIb870djrKFRX11IQf69xPiyIzIO/JKLa4SGWLX6PJDpdsWfg0NAn4XCOdoxJMShhav7IRrZZHGC6WPkVo8NWouakFHTH0MKbXFTZo4OBlUrnrCQT7bnyw9Qzi4oFUfZ5hMi6u5lS8qDhEQU/aW84tK6qYx6BwwuqQ,200
187,complex_page,https://imgservice.rentbyowner.com/webp/640x417/AzRT8xsWDLcCZsGhPSGLDOcqRqUg/JF6xAjjjIvAor0CQ15+uk4pqpYwp1Mp5o3tD2QnP15B5iz2tic9rwZreq7KE3wTC3hREw==,200
188,complex_page,https://imgservice.rentbyowner.com/webp/640x417/AzRT8xsWDLcIb870djrKFRX11IQf69xPiyIzIO/JKLa4SGWLX6PNCJdsWfg0NAn8ZN8HudUdItej3YalcyylsxzRJIkSsKTod50JjPvir4E1HvolamCFQxhC7IoCz8VjMluand4SXkBk7Wnn1FdAs0phBxfX5AHwkynC4rtDkvue,200
189,complex_page,https://imgservice.rentbyowner.com/webp/640x417/AzRT8xsWDLcQL9frPSuXFfBPP68gnzkfmgGPsxCmnowuVp/VK83QtIkP7Bd+6IIMwiROrRvbkGbvrPwD6G3uzNd1SME0PqBxdRPue3WXrkoyEMWk97LybFutq/C/mZ4O4d4hoe7nUuXtwZeFTV2ApgFx8TEpAluwbkoj5oYqsIWsmiwlYao=,200
190,complex_page,https://imgservice.rentbyowner.com/webp/640x417/AzRT8xsWDLcIb870djrKFRX11IQf69xPiyIzIO/JKLa4SGWLX6PJDpdsWfg0NAn4XCOeoxJMShhav7IUrpVHGF4+mpMnFvnc5s9SbnlTcK0JQU7OiGOtAVWPnWPF6pcS9iix/m51FUGe28AtidOacAiRQp3cFyvakhHjJ7yWNrEw,200
191,complex_page,https://imgservice.rentbyowner.com/webp/640x417/AzRT8xsWDLcCZsGhPSGLDOcqRqUg/JF6xAjjjIvAor0CQ151sEgpoMprpwYosojsWyexVF9zOKGL9qls9vMnxLDa5IsfzSrSDg==,200
192,complex_page,https://imgservice.rentbyowner.com/webp/640x417/AzRT8xsWDLcIb870djrKFRX11IQf69xPiyIzIO/JKLa4SGWLX6PMCpdsWfg0NAn9uT/RPJOiclD35N4BNt2x2YksAoBGMRtzbdHsjgAbfOmKL0yyyB4PR4Js2vt0TfaHXSf85flNAnq+3+gMb3zS4mlVBc0pmi5mlPDOUiuahor0,200
193,complex_page,https://imgservice.rentbyowner.com/webp/640x417/AzRT8xsWDLcQL9frPSuXFfBPP68gnzkfmgGPsxCmnowuVp/VK83QtIkP7Bd+6IIMwiROrBjYlmHurPgA6G3uzNuxHSUxpg6iACyrxqwJV7na0qpkq90ArV4UZO8DDYefjQtCg3pj9edBYjxENFAW8cETHtyAlunhvyHw8Y4IXW5VQbcTXgg=,200
194,complex_page,https://imgservice.rentbyowner.com/webp/640x417/AzRT8xsWDLcIb870djrKFRX11IQf69xPiyIzIO/JKLa4SGWLX6PNCJdsWfg0NAn8ZN0EudUdItej3YWucSyls8vSzXHPWI3o2HxDptb1/2XwkSKubC+Cy857F06reTZPz42mkGbHwEEx98UpNj5lcZQEp+WthsapEJevFbW+yunf,200
195,complex_page,https://imgservice.rentbyowner.com/webp/640x417/AzRT8xsWDLcQL9frPSuXFfBPP68gnzkfmgGPsxCmnowuVp/VK83QtIkP7Bd+6IIMwiROrRvfn2Hkpf4H6G3uzNOmj10q/zH33g0zRBwMiB6mGnk4DWdGJdNT6gBuIHAHuqOT72NntaVYMzWG8YXETsRHCu9krhifjJPIkSZKyLHiHV6uaQU=,200
196,complex_page,https://imgservice.rentbyowner.com/webp/640x417/AzRT8xsWDLcIb870djrKFRX11IQf69xPiyIzIO/JKLa4SGWLX6PPAJdsWfg0NAn+EinOvcJ6EmjMxAGOwkH5ygGIBaBAb1RhtmlflO++vs3UHUSVbtwiOJR61I88ZnyZf1EzGA+MpoQ31a+29MYS9lzrf2EqvV7D3wizNop1eyFS,200
197,complex_page,https://imgservice.rentbyowner.com/webp/640x417/AzRT8xsWDLcQL9frPSuXFfBPP68gnzkfmgGPsxCmnowuVp/VK83QtIkP7Bd+6IIMwiROrRnWlWTgq/0D6G3uzP+ejOxq4JSa2rS3OtSlRBmscCZfS3HIODKrg63oSG+Kt6HTttVl4/VbuBoCG15z5ei1wGQodIDhc7+KbUA9XY7/iw8yx5g=,200
198,complex_page,https://imgservice.rentbyowner.com/webp/640x417/AzRT8xsWDLcQL9frPSuXFfBPP68gnzkfmgGPsxCmnowuVp/VK83QtIkP7Bd+6IIMwiROrR/Wl2Pur/gG6G3uzJ464VgA44RbYwPkFcDgQRYG1nYg2eYKPsJlHnIWA+zO0tGgFlJZJ+CR7Lk657YSEhCQD+WyG+5sYEZMa1QzEtCU8c4AlHw=,200
199,complex_page,https://imgservice.rentbyowner.com/webp/640x417/AzRT8xsWDLcQL9frPSuXFfBPP68gnzkfmgGPsxCmnowuVp/VK83QtIkP7Bd+6IIMwiROrBzWkWDkqf8H6G3uzBESK4ur4W35or8IztuSAAvb9EfcEdFttKsgWUIHgJOXlpa0ry5HKkxhFoS4Sl7SLkAnROHNlmw1fQIPeCCElmJ1yldbofU=,200
200,complex_page,https://imgservice.rentbyowner.com/webp/640x417/AzRT8xsWDLcQL9frPSuXFfBPP68gnzkfmgGPsxCmnowuVp/VK83QtIkP7Bd+6IIMwiROrRvWnmThpP0E6G3uzCw4u9X/Gj6Ol6gS8U/wiFwJNKecUPbN9KmKwMfjqkkyfHiYaF13lMfcexfFxKAkAJ4SALTsoEu1H/7z24pbZGBVvn+hGFE=,200
201,complex_page,https://imgservice.rentbyowner.com/webp/640x417/AzRT8xsWDLcQL9frPSuXFfBPP68gnzkfmgGPsxCmnowuVp/VK83QtIkP7Bd+6IIMwiROrRnWlGTjqvIJ6G3uzEopwp9WVcun5Nrq9DASZgPkRAm/+XqdisDT++Tmma9eBpbsMVbEZaKB53jz4YK5FuJlcG06xki1DEtpCyRGgWsr0jdwqnc=,200
202,complex_page,https://imgservice.rentbyowner.com/webp/640x417/AzRT8xsWDLcQL9frPSuXFfBPP68gnzkfmgGPsxCmnowuVp/VK83QtIkP7Bd+6IIMwiROrB7Xl2bur/sJ6G3uzCaMMj318gUXQX4i1FS8dlD8/leo21kMKZtyz3zaJPFfAH1VTRoOhCz5QUqcynpelPfqdwo3nmmTHzALZ4owfOqJHwFUqCs=,200
203,complex_page,https://imgservice.rentbyowner.com/webp/640x417/AzRT8xsWDLcQL9frPSuXFfBPP68gnzkfmgGPsxCmnowuVp/VK83QtIkP7Bd+6IIMwiROrBDYl27irPoI6G3uzIwABMQD7C1bVBgILsnm8TKjgc72OttySdB3oDC5ANIChD7oJNXBqtSuWZcmphiDQYHn69BU+7oX7VIJI58vhO9IUpDZ54U=,200
204,Details_Page,https://imgservice.rentbyowner.com/webp/640x417/AzRT8xsWDLcIb870djrKFRX11IQf69xPiyIzIO/JKLa4SGWLX6PNDJdsWfg0NAn8gz8sIcY0iRVDEyBIHvDHcq3BSPbXVoGNpK80+Ij6fCflwBthC+iu8uzCetzAaVFLkr//2HdHYZ+dI4ilglRxIwC9t/mt65yWRubyHuet/CYh,200
205,Details_Page,https://imgservice.rentbyowner.com/webp/640x417/AzRT8xsWDLcQL9frPSuXFfBPP68gnzkfmgGPsxCmnowuVp/VK83QtIkP7Bd+6IIMwiROrRHck2bnrv0B6G3uzPyhslDxhsVMG0b3+79N+0X0yQcuc/1yxVYEHn/LNIeEYcos9jeBGHcea/p+bpmvLcDMLzewLhw/MC+Ck79WiwPGkwTbtnU=,200
206,Details_Page,https://imgservice.rentbyowner.com/webp/640x417/AzRT8xsWDLcIb870djrKFRX11IQf69xPiyIzIO/JKLa4SGWLX6PGCZdsWfg0KxH8w736nPoNtDvI+pjeM6lvU1CDLbzvcDWWDEJ2BotFe6VxI+BMOBtOLa+gG04A2fi5Lv+nbrZWJl+N/8npNZIu9HObyRipbmpl1eZFi2o=,200
207,Details_Page,https://imgservice.rentbyowner.com/webp/640x417/AzRT8xsWDLcCZsGhPSGLDOcqRqUg/JF6xAjjjIvAor0CQ15yuk4prcpqpwZ8sN682xC+LAbPm/3Mo3AsOJS+SJoEuo4gRej6zQ==,200
208,Details_Page,https://imgservice.rentbyowner.com/webp/640x417/AzRT8xsWDLcIb870djrKFRX11IQf69xPiyIzIO/JKLa4SGWLX6PMD5dsWfg0NAn99qBtEMzLXo0ZLCQ0ScVC9bHHSFhMqWlV/RMN78GC+lgG8UubTwzIAh7OD2v8jVvlE2MqlvX+jlsQ2l/xlv+jXIKHwfARgDpTH5trYZ1N7b3S,200
209,Details_Page,https://imgservice.rentbyowner.com/webp/640x417/AzRT8xsWDLcQL9frPSuXFfBPP68gnzkfmgGPsxCmnowuVp/VK83QtIkP7Bd+6IIMwiROrhHZkWDnrfkE6G3uzCTAnaYXcTxzRf+vwHtsl9ufNkDzyGufoQY08ug01Z9hdDQX1R2RvsW5HaSrLtgN5lQaSJjALuMUBLSvD+WRGwYzu23ZVOA=,200
210,Details_Page,https://imgservice.rentbyowner.com/webp/640x417/AzRT8xsWDLcIb870djrKFRX11IQf69xPiyIzIO/JKLa4SGWLX6PMCZdsWfg0Kxf6h/mtImYriP54qxvSjRkzl/yT7FdABijS53AAfeJKXK1HhIIJVj4Ko5eoeY2LsWMLqQ6nWx9faDWpzLWnK2+bq/ac+WNAx6d3tFIoBic=,200
211,Details_Page,https://imgservice.rentbyowner.com/webp/640x417/AzRT8xsWDLcCZsGhPSGLDOcqRqUg/JF6xAjjjIvAor0CQ152sk8p/ZZrp1N6sNi6ZXjyIIbmBd/iEiTHwsBv0DhcvP0Pcvlaxw==,200
212,Details_Page,https://imgservice.rentbyowner.com/webp/640x417/AzRT8xsWDLcIb870djrKFRX11IQf69xPiyIzIO/JKLa4SGWLX6PNDZdsWfg0NAn8JToB+T9M7YveW6GG0+4tb6PtX5gNu+R5LKVS8yegC8ofCDMS0JSRQW/Zc0iRMgs3GvWVYsnIKAIZlhisOd5q191vAKPJwFT4lz3cdTyRqk8W,200
213,Details_Page,https://imgservice.rentbyowner.com/webp/640x417/AzRT8xsWDLcQL9frPSuXFfBPP68gnzkfmgGPsxCmnowuVp/VK83QtIkP7Bd+6IIMwiROqRzflmbkr/IfrHf5lASk3w6ylvK7dr4YEYlV7qT/fjslwTTKSOctck3YUwF+2SwqXW7onfvdCJ5kM+OTYCnw90X/AcSRFRN29FrOjiJjhn1yPg==,200
214,Details_Page,https://imgservice.rentbyowner.com/webp/640x417/AzRT8xsWDLcIb870djrKFRX11IQf69xPiyIzIO/JKLa4SGWLX6PNCZdsWfg0KxT7UvzN3Ch5JWbgq06LKYDJ4+3NyTs4vFjHOFX8sHC2SZRFbuITKJzJZTSDELUzD7SgWIFrWIfr17Xa6IVc21A91709vuv2VtLSk4z0Xe4=,200
215,Details_Page,https://imgservice.rentbyowner.com/webp/640x417/AzRT8xsWDLcIb870djrKFRX11IQf69xPiyIzIO/JKLa4SGWLX6PNDZdsWfg0NAn8JT4E+T9M7YveW6WF3OEtb73V0itj+WbXXlid//ExTfE7Kf7KBhHyF3BB3jvTF7Wjv5IuqEoE+km+pRkfRP9DG4o1qkjGeC1sW4PscR8x6kCU,200
216,Details_Page,https://imgservice.rentbyowner.com/webp/640x417/AzRT8xsWDLcQL9frPSuXFfBPP68gnzkfmgGPsxCmnowuVp/VK83QtIkP7Bd+6IIMwiROqBndkm7hqv8frHf5lG9Pc3Hy/1GlFk6EEDr8Cm4K32iOKao0qrpwzU+CwgiJIGZzVdhfXEnJ+fdrqCpguDG4FvQo+SqeeDm8/2R40BJIsdTDKw==,200
217,Details_Page,https://imgservice.rentbyowner.com/webp/640x417/AzRT8xsWDLcIb870djrKFRX11IQf69xPiyIzIO/JKLa4SGWLX6PMCZdsWfg0Kxf6h/mtImYriP54rBrSjRkzl1mgnt1Ql+37llxZskttpLC7A7tzc3dAfoGdBb9eAKgwVe5FE7RRWV2/PaWOvkdGS9bDYofQWnGkJCGyZIE=,200
218,Details_Page,https://imgservice.rentbyowner.com/webp/640x417/AzRT8xsWDLcIb870djrKFRX11IQf69xPiyIzIO/JKLa4SGWLX6PNC5dsWfg0NAn8cMWTduSES/cbCeRZlJxRon63Z8RcUkpYK7LU41eY2aM8G5xCZf6VvDlGtmsy8yfZVuaySEggnpKwU3ud9DtYNbTLIPsQYEftGPSv58cGhOBA,200
219,Details_Page,https://imgservice.rentbyowner.com/webp/640x417/AzRT8xsWDLcQL9frPSuXFfBPP68gnzkfmgGPsxCmnowuVp/VK83QtIkP7Bd+6IIMwiROrR3ek2/ipf8J6G3uzAKwKK97RFXtkp4XBZVcekcSzlhCAiEAogeZzhVrYsQhl09DRY9AnCHi0f00dNVJKVtapjdXyhy+J8FXWH/3nM84z2Xei00=,200
220,Details_Page,https://imgservice.rentbyowner.com/webp/640x417/AzRT8xsWDLcIb870djrKFRX11IQf69xPiyIzIO/JKLa4SGWLX6PJCZdsWfg0KxD3Ni7Bd8RKCqKnSJ/xeh6t47HLICstw0c5laXOMznDzDwiUM1R05+nDMXDQr9smHnJLo2SdtLcEVVgl4LuaH9+AIT2zEHtTB1t60w70i0=,200
221,Details_Page,https://imgservice.rentbyowner.com/webp/640x417/AzRT8xsWDLcIb870djrKFRX11IQf69xPiyIzIO/JKLa4SGWLX6PNDZdsWfg0NAn8JT4E+T9M7YveW6WF0OEtb/gdYlVUQvLgUxevp8n6riptorOCzZ7h32Q2raxbuShgR3lrpbZvERRlXAbVdkHobnY2QOefcyjRUygQhnUoLxbe,200
222,Details_Page,https://imgservice.rentbyowner.com/webp/640x417/AzRT8xsWDLcQL9frPSuXFfBPP68gnzkfmgGPsxCmnowuVp/VK83QtIkP7Bd+6IIMwiROrRjbl2bvpPkD6G3uzLZBhGhyt93JOeKyAdX3JRZP5r81ulERo/qJvvbZ6AvSacJ9nwKe202RxWXIpDzaQuzqXUN50km4A1s8vMiwfYV+t9ZNC6A=,200
223,Details_Page,https://imgservice.rentbyowner.com/webp/640x417/AzRT8xsWDLcQL9frPSuXFfBPP68gnzkfmgGPsxCmnowuVp/VK83QtIkP7Bd+6IIMwiROrR3Zl2/vqfsG6G3uzEse6SS42ksxLjdYAVYZ643oFSBYcFmpQ5m00vw8cd6g5Uiwb6rzKl6VC4Zd49MnrHzrmEPnGtkpXxrNIl/ySymm03+/Z7M=,200
224,Details_Page,https://imgservice.rentbyowner.com/webp/640x417/AzRT8xsWDLcQL9frPSuXFfBPP68gnzkfmgGPsxCmnowuVp/VK83QtIkP7Bd+6IIMwiROrhDalG/mrfkF6G3uzCBpDehI3m4HsaHqiTGRu4ddm8uE1m60zbpV8eWBVOHnfG/Jxzuzi/PxQyAZGEL4GYbLJ7XGwRN9F3Sx1sF74Np/suTewwU=,200
225,Details_Page,https://imgservice.rentbyowner.com/webp/640x417/AzRT8xsWDLcQL9frPSuXFfBPP68gnzkfmgGPsxCmnowuVp/VK83QtIkP7Bd+6IIMwiROrhHakW7lrf0J6G3uzHOd01B6uD145ST82uqg0I/Xr/nhCUpp8dBsUANy2zBRK8N+ib1PXxJbPrBMYp9WT7AW8jpVOMh8ZbsgWrri3NYIZC27HZo=,200
226,Details_Page,https://imgservice.rentbyowner.com/webp/640x417/AzRT8xsWDLcQL9frPSuXFfBPP68gnzkfmgGPsxCmnowuVp/VK83QtIkP7Bd+6IIMwiROrRnZn2Tlq/oA6G3uzC9MgdzM2l7dAUihdWn0ov5pjEKsaf+i4fV7TQPNfnTMjy7ndGl8LhRPYKifj7T2wbegbVG9EBywwILyIolHYoQijDVVHNY=,200
227,Details_Page,https://imgservice.rentbyowner.com/webp/640x417/AzRT8xsWDLcQL9frPSuXFfBPP68gnzkfmgGPsxCmnowuVp/VK83QtIkP7Bd+6IIMwiROrh3dlmLkrfkG6G3uzDKm9xN2z+REvxt2wn+f53ruqaAG4tn3G85rdvxw71ZFqT7NySgeNZFSiqLd4gGGxzd96u8WmQ6l9SwuZJBtldPoDBLtiTs=,200
